wine_type,size (cL),name,price,rating,num_review,country,abv,year,url
white,75,McGuigan Black Label Shiraz,6.75,3.6,13,Australia,12.5,2021,https://groceries.morrisons.com/products/mcguigan-black-label-shiraz-243825011
white,75,Morrisons The Best Touraine Rose,8,3,4,France,12.5,,https://groceries.morrisons.com/products/morrisons-the-best-touraine-rose-523765011
white,75,McGuigan Black Label Merlot,6.75,4.2,13,Australia,12.5,2021,https://groceries.morrisons.com/products/mcguigan-black-label-merlot-243824011
white,75,Morrisons The Best South African Sauvignon Blanc,7.5,4,9,Western Cape,12.5,2021,https://groceries.morrisons.com/products/morrisons-the-best-south-african-sauvignon-blanc-119962011
white,75,Hardys Nottage Hill Chardonnay,6.75,3.4,5,Australia,13.5,2017,https://groceries.morrisons.com/products/hardys-nottage-hill-chardonnay-119917011
white,75,McGuigan Black Label Pinot Grigio,6.75,4.1,7,Australia,11.5,2021,https://groceries.morrisons.com/products/mcguigan-black-label-pinot-grigio-211276011
white,75,McGuigan Black Label Chardonnay,6.75,2.8,4,Australia,12.5,2021,https://groceries.morrisons.com/products/mcguigan-black-label-chardonnay-119906011
white,75,Morrisons The Best Marlborough Sauvignon Blanc,9,3.7,3,New Zealand,12.5,2019,https://groceries.morrisons.com/products/morrisons-the-best-marlborough-sauvignon-blanc-283660011
white,75,Veluti Pinot Grigio,6.25,3.8,13,Italy,12.5,2020,https://groceries.morrisons.com/products/veluti-pinot-grigio-274532011
white,75,The Ned Sauvignon Blanc,10,4.8,4,New Zealand,13,2020,https://groceries.morrisons.com/products/the-ned-sauvignon-blanc-349453011
white,75,Mud House Chile Sauvignon Blanc,5.99,2.3,3,Chile,12.5,2021,https://groceries.morrisons.com/products/mud-house-chile-sauvignon-blanc-568751011
white,75,Mud House Marlborough Sauvignon Blanc,9,4.4,11,New Zealand,12.5,2020,https://groceries.morrisons.com/products/mud-house-marlborough-sauvignon-blanc-263684011
white,75,Rosemount Diamond Selection Chardonnay,5.49,3,4,Australia,12.5,2019,https://groceries.morrisons.com/products/rosemount-diamond-selection-chardonnay-119923011
white,75,Klein St Sauvignon Blanc,6,0,0,South Africa,12.5,2021,https://groceries.morrisons.com/products/klein-st-sauvignon-blanc-421210011
white,75,Hardys Bankside Chardonnay,6.5,5,5,Australia,12.5,2017,https://groceries.morrisons.com/products/hardys-bankside-chardonnay-212328011
white,75,I Heart Pinot Grigio,6,5,1,Hungary,12,NV,https://groceries.morrisons.com/products/i-heart-pinot-grigio-451873011
white,75,Primo Vere Pinot Grigio,6.75,3.8,9,Italy,12.5,2020,https://groceries.morrisons.com/products/primo-vere-pinot-grigio-273278011
white,75,Jam Shed Chardonnay Australia,6,5,3,Australia,13.5,2020,https://groceries.morrisons.com/products/jam-shed-chardonnay-australia-551479011
white,75,Morrisons The Best Trentino Pinot Grigio,7.25,3.5,6,Italy,12.5,2015,https://groceries.morrisons.com/products/morrisons-the-best-trentino-pinot-grigio-119880011
white,75,Wolf Blass Vineyards Chardonnay,6.5,3.7,3,Australia,13,2012,https://groceries.morrisons.com/products/wolf-blass-vineyards-chardonnay-119918011
white,75,Yellow Tail Pinot Grigio,6,5,3,Australia,11.5,2020,https://groceries.morrisons.com/products/yellow-tail-pinot-grigio-294018011
white,75,Casillero del Diablo Reserva Sauvignon Blanc,6.5,4.8,5,,12,2021,https://groceries.morrisons.com/products/casillero-del-diablo-reserva-sauvignon-blanc-119958011
white,75,Kumala Sauvignon Blanc,6.25,0,0,South Africa,13,2017,https://groceries.morrisons.com/products/kumala-sauvignon-blanc-525693011
white,75,Squealing Pig Sauvignon Blanc,10,3.7,3,New Zealand,13.5,2018,https://groceries.morrisons.com/products/squealing-pig-sauvignon-blanc-480656011
white,75,I Heart Sauvignon Blanc,6,3,2,Spain,11.5,,https://groceries.morrisons.com/products/i-heart-sauvignon-blanc-525861011
white,75,Morrisons The Best Gavi,9,4,1,Italy,12.5,2015,https://groceries.morrisons.com/products/morrisons-the-best-gavi-119879011
white,75,Wolf Blass Yellow Label Chardonnay,6.5,4,5,Australia,13,NV,https://groceries.morrisons.com/products/wolf-blass-yellow-label-chardonnay-212433011
white,75,Yealands Reserve Sauvignon Blanc,7.99,5,1,New Zealand,13,2019,https://groceries.morrisons.com/products/yealands-reserve-sauvignon-blanc-565446011
white,75,Cono Sur Bicicleta  Sauvignon Blanc,5.75,3.6,5,Chile,13,2021,https://groceries.morrisons.com/products/cono-sur-bicicleta-sauvignon-blanc-247962011
white,75,Morrisons The Best Chardonnay,7.75,4.3,4,South Africa,13.5,2018,https://groceries.morrisons.com/products/morrisons-the-best-chardonnay-392549011
white,75,Turner Road Reserve Chardonnay,6.5,3.8,5,California,12.5,2016,https://groceries.morrisons.com/products/turner-road-reserve-chardonnay-212332011
white,75,Morrisons The Best Muscadet Serve Et Maine Sur Lie,8.5,4.1,7,France,12,2015,https://groceries.morrisons.com/products/morrisons-the-best-muscadet-serve-et-maine-sur-lie-321365011
white,18.7,Mcguigan Black Label Chardonnay 187Ml,2.25,0,0,Australia,12.5,2020,https://groceries.morrisons.com/products/mcguigan-black-label-chardonnay-187ml-552691011
white,75,Black Tower Fruity White,6,3.7,3,Produce of the EU,9.5,2021,https://groceries.morrisons.com/products/black-tower-fruity-white-119864011
white,75,Morrisons The Best Chenin Blanc,8,4.7,9,Western Cape,12.5,2021,https://groceries.morrisons.com/products/morrisons-the-best-chenin-blanc-119967011
white,18.7,Yellow Tail Pinot Grigio,2.49,0,0,Australia,11.5,2019,https://groceries.morrisons.com/products/yellow-tail-pinot-grigio-551903011
white,75,Morrisons The Best Pecorino,7.25,3.8,5,Italy,13,2015,https://groceries.morrisons.com/products/morrisons-the-best-pecorino-370263011
white,75,Brancott Estate Terroir Series Reserve Sauvignon Blanc,9,4.5,6,New Zealand,13,2020,https://groceries.morrisons.com/products/brancott-estate-terroir-series-reserve-sauvignon-blanc-482570011
white,75,Chapmans Bay Sauvignon Blanc,6,0,0,South Africa,12.5,2021,https://groceries.morrisons.com/products/chapmans-bay-sauvignon-blanc-565445011
white,75,Morrisons The Best Western Australia Chardonnay,8.5,3.7,3,Australia,13,2018,https://groceries.morrisons.com/products/morrisons-the-best-western-australia-chardonnay-349451011
white,75,Morrisons The Best Touraine Sauvignon,9,3.5,2,France,12.5,2015,https://groceries.morrisons.com/products/morrisons-the-best-touraine-sauvignon-119846011
white,75,Morrisons The Best Marques de los Rios Rioja Blanco,8,3.3,3,Spain,13,2020,https://groceries.morrisons.com/products/morrisons-the-best-marques-de-los-rios-rioja-blanco-383075011
white,75,The Signal Post Chenin Blanc,7.25,0,0,South Africa,12.5,2020,https://groceries.morrisons.com/products/the-signal-post-chenin-blanc-578067011
white,75,Zarper Sauvignon Blanc Gran Reserva,6.5,4,2,Chile,12.5,,https://groceries.morrisons.com/products/zarper-sauvignon-blanc-gran-reserva-378130011
white,75,Morrisons The Best Soave Classico,7.75,4,6,Italy,12,2016,https://groceries.morrisons.com/products/morrisons-the-best-soave-classico-119894011
white,75,Zalze Bush Vine Chenin Blanc,6,0,0,South Africa,13,2021,https://groceries.morrisons.com/products/zalze-bush-vine-chenin-blanc-352604011
white,75,Head Honcho Sauvignon Blanc,6,3,4,Chile,12.5,2018,https://groceries.morrisons.com/products/head-honcho-sauvignon-blanc-349455011
white,75,Morrisons The Best Verdicchio,7.25,4.1,8,Italy,12.5,2015,https://groceries.morrisons.com/products/morrisons-the-best-verdicchio-243049011
white,75,Gallo Family Vineyards Pinot Grigio White Wine,5.75,0,0,United States,11.5,2019,https://groceries.morrisons.com/products/gallo-family-vineyards-pinot-grigio-white-wine-119940011
white,75,Morrisons The Best Gruner Veltliner,8.75,4.5,10,Austria,12.5,2020,https://groceries.morrisons.com/products/morrisons-the-best-gruner-veltliner-253768011
white,75,Morrisons The Best Falanghina,7.5,4,3,Italy,12.5,,https://groceries.morrisons.com/products/morrisons-the-best-falanghina-421302011
white,75,Blossom Hill White Wine,6,5,1,Spain,12.5,,https://groceries.morrisons.com/products/blossom-hill-white-wine-570809011
white,18.7,I Heart Pinot Grigio,2.25,0,0,Italy,12,2020,https://groceries.morrisons.com/products/i-heart-pinot-grigio-551909011
white,75,Dark Horse Chardonnay White Wine,7,4.5,34,United States,14.5,2019,https://groceries.morrisons.com/products/dark-horse-chardonnay-white-wine-411825011
white,75,Italia Pinot Grigio,7.5,3.8,4,,14.5,2018,https://groceries.morrisons.com/products/italia-pinot-grigio-119886011
white,75,Morrisons The Best Vouvray,10,3.4,10,France,12.5,,https://groceries.morrisons.com/products/morrisons-the-best-vouvray-310345011
white,75,Gary Barlow Organic White Wine,6,3.5,2,Spain,12,2020,https://groceries.morrisons.com/products/gary-barlow-organic-white-wine-570470011
white,75,Oyster Bay Chardonnay,7.99,5,2,New Zealand,13,2019,https://groceries.morrisons.com/products/oyster-bay-chardonnay-295948011
white,75,Morrisons The Best Alsace Gewurztraminer,10,4.1,16,France,14,2014,https://groceries.morrisons.com/products/morrisons-the-best-alsace-gewurztraminer-119848011
white,75,Freixenet Pinot Grigio,8.5,0,0,Italy,11.5,2019,https://groceries.morrisons.com/products/freixenet-pinot-grigio-523578011
white,18.7,Head Honcho Sauvignon Blanc,2,1,1,Chile,12,,https://groceries.morrisons.com/products/head-honcho-sauvignon-blanc-562925011
white,75,Morrisons The Best Canto Real Rueda,7.75,3.8,6,Spain,13,,https://groceries.morrisons.com/products/morrisons-the-best-canto-real-rueda-119965011
white,75,Morrisons The Best Vinho Verde 'Loureiro' Wine,8.75,4.3,4,Portugal,12,2020,https://groceries.morrisons.com/products/morrisons-the-best-vinho-verde-loureiro-wine-551489011
white,75,Morrisons The Best Pinot Grigio Alto Adige Doc,10,3,1,Italy,13,,https://groceries.morrisons.com/products/morrisons-the-best-pinot-grigio-alto-adige-doc-552695011
white,75,Morrisons The Best Pinot Gris,9,3.3,4,France,13.5,2013,https://groceries.morrisons.com/products/morrisons-the-best-pinot-gris-261687011
white,18.7,Blossom Hill White Wine,2,0,0,Spain,12.5,NV,https://groceries.morrisons.com/products/blossom-hill-white-wine-570807011
white,75,Morrisons Organic Pinot Grigio,7.25,2.9,8,Italy,11.5,2018,https://groceries.morrisons.com/products/morrisons-organic-pinot-grigio-421208011
white,18.7,Barefoot White Zinfandel Rose Wine,2.25,0,0,United States,8.5,NV,https://groceries.morrisons.com/products/barefoot-white-zinfandel-rose-wine-555995011
white,75,Morrisons The Best Pouilly Fume,14,4,2,France,13,2015,https://groceries.morrisons.com/products/morrisons-the-best-pouilly-fume-310370011
white,75,Morrisons The Best Sancerre,17,2.7,3,France,13.5,2020,https://groceries.morrisons.com/products/morrisons-the-best-sancerre-480632011
white,75,Mad Fish Sauvignon Blanc,7,0,0,Western Australia,13,2020,https://groceries.morrisons.com/products/mad-fish-sauvignon-blanc-565441011
white,75,Morrisons The Best Riesling,8.5,3.5,8,Germany,12.5,2020,https://groceries.morrisons.com/products/morrisons-the-best-riesling-437970011
white,75,Morrisons The Best Chardonnay,8.75,3.2,6,Argentina,13,2016,https://groceries.morrisons.com/products/morrisons-the-best-chardonnay-410535011
white,75,Head Honcho Chardonnay,6,4,4,Chile,13.5,2018,https://groceries.morrisons.com/products/head-honcho-chardonnay-349454011
white,75,Barefoot Sauvignon Blanc White Wine,6,5,4,U,13,NV,https://groceries.morrisons.com/products/barefoot-sauvignon-blanc-white-wine-119942011
white,75,Freixenet Sauvignon Blanc,7,3,1,,13,2020,https://groceries.morrisons.com/products/freixenet-sauvignon-blanc-578065011
white,75,Echo Falls Pinot Grigio Rose,6.5,0,0,Italy,12,2019,https://groceries.morrisons.com/products/echo-falls-pinot-grigio-rose-551483011
white,75,Morrisons The Best Chablis Premier Cru,18,2.7,3,France,13,2012,https://groceries.morrisons.com/products/morrisons-the-best-chablis-premier-cru-119839011
white,225,Ortense Pinot Grigio Terre Di Chieti,13.5,0,0,Italy,12.5,,https://groceries.morrisons.com/products/ortense-pinot-grigio-terre-di-chieti-591900011
white,75,Rigal Vin Orange 75Cl,10,4,3,France,12,,https://groceries.morrisons.com/products/rigal-vin-orange-75cl-533890011
white,75,Charles Rousseau Sauvignon Blanc,8,4,3,France,11.5,2019,https://groceries.morrisons.com/products/charles-rousseau-sauvignon-blanc-527195011
white,75,Hardys Zero Chardonnay,3.5,0,0,Australia,,2021,https://groceries.morrisons.com/products/hardys-zero-chardonnay-588202011
white,75,Diablo Golden Chardonnay,10,0,0,Chile,13.5,2020,https://groceries.morrisons.com/products/diablo-golden-chardonnay-588186011
white,37.5,Morrisons The Best Bortytis Semillon,6,3.3,3,Australia,11.5,2017,https://groceries.morrisons.com/products/morrisons-the-best-bortytis-semillon-378129011
white,75,Fleurs De Prairie Luberon,8,4,2,France,13,,https://groceries.morrisons.com/products/fleurs-de-prairie-luberon-523744011
white,75,Errazuriz Sauvignon Blanc,9,4.3,3,Chile,13,2020,https://groceries.morrisons.com/products/errazuriz-sauvignon-blanc-261081011
white,75,Moillard Chablis,13.5,0,0,France,12.5,2021,https://groceries.morrisons.com/products/moillard-chablis-583449011
white,75,Morrisons The Best Grenache Blanc,8,4,3,South Africa,12.5,2020,https://groceries.morrisons.com/products/morrisons-the-best-grenache-blanc-500606011
white,75,Kylie Minogue Sauvignon Blanc,9,4,2,France,11.5,2019,https://groceries.morrisons.com/products/kylie-minogue-sauvignon-blanc-546519011
white,75,Morrisons The Best Verdeca Igp 2021,8.5,0,0,Italy,12.5,,https://groceries.morrisons.com/products/morrisons-the-best-verdeca-igp-2021-589697011
white,75,Hardys Nottage Hill Pinot Grigio,6.5,0,0,Australia,12,2021,https://groceries.morrisons.com/products/hardys-nottage-hill-pinot-grigio-583434011
white,75,Terramare Pinot Grigio,4.99,0,0,Italy,11.5,2021,https://groceries.morrisons.com/products/terramare-pinot-grigio-586525011
white,75,Ortense Pinot Grigio Terre Di Chieti,4.99,0,0,Italy,12.5,,https://groceries.morrisons.com/products/ortense-pinot-grigio-terre-di-chieti-590049011
white,225,64 Edge South African Sauvignon Blanc,16,0,0,South Africa,13,2021,https://groceries.morrisons.com/products/64-edge-south-african-sauvignon-blanc-575443011
white,75,Maremel Albarino,12,0,0,Spain,12.5,2021,https://groceries.morrisons.com/products/maremel-albarino-588188011
white,75,Wise Wolf Chardonnay,10,0,0,France,13.5,2021,https://groceries.morrisons.com/products/wise-wolf-chardonnay-589686011
white,75,Cidade Branca White,8,0,0,Portugal,13,2021,https://groceries.morrisons.com/products/cidade-branca-white-588185011
white,75,Mirabeau La Folie Sparkling Rose,12,0,0,France,12.5,NV,https://groceries.morrisons.com/products/mirabeau-la-folie-sparkling-rose-591431011
white,75,Morrisons The Best Vermentino,7,3,8,Italy,13.5,2017,https://groceries.morrisons.com/products/morrisons-the-best-vermentino-248291011
white,75,Eleanor La Reine Piquepoul - Terret Cotes De Thau IGP,8,0,0,France,12.5,,https://groceries.morrisons.com/products/eleanor-la-reine-piquepoul-terret-cotes-de-thau-igp-595784011
white,75,Hardys Nottage Hill Sauvignon Blanc,6.5,1,1,Australia,12.5,2017,https://groceries.morrisons.com/products/hardys-nottage-hill-sauvignon-blanc-551916011
white,75,McGuigan Black Label Sauvignon Blanc,6.75,0,0,Australia,12,2020,https://groceries.morrisons.com/products/mcguigan-black-label-sauvignon-blanc-591432011
white,75,Sorso Pinot Grigio,4.99,4.6,10,Italy,12.5,2018,https://groceries.morrisons.com/products/sorso-pinot-grigio-273277011
white,75,Villa Maria Private Bin Sauvignon Blanc,10.5,4.4,13,Marlborough,13.5,2021,https://groceries.morrisons.com/products/villa-maria-private-bin-sauvignon-blanc-211701011
white,75,Morrisons Sauvignon Blanc,4.89,5,3,Chile,12,,https://groceries.morrisons.com/products/morrisons-sauvignon-blanc-421256011
white,75,Morrisons Soave,4.89,5,4,Italy,11,,https://groceries.morrisons.com/products/morrisons-soave-421206011
white,75,64 Edge Sauvignon Blanc,5.49,3,1,South Africa,13,2021,https://groceries.morrisons.com/products/64-edge-sauvignon-blanc-570043011
white,75,Barefoot Pinot Grigio White Wine,6.75,4.8,8,United States,12,NV,https://groceries.morrisons.com/products/barefoot-pinot-grigio-white-wine-243689011
white,75,Schmitt Liebfraumilch,4.49,2,1,Germany,9,,https://groceries.morrisons.com/products/schmitt-liebfraumilch-421228011
white,75,The Shy Pig Crisp White,4.79,3.3,15,Australia,10.5,NV,https://groceries.morrisons.com/products/the-shy-pig-crisp-white-273013011
white,75,Yellow Tail Chardonnay,7,0,0,Australia,13,2020,https://groceries.morrisons.com/products/yellow-tail-chardonnay-523753011
white,75,Graham Norton Sauvignon Blanc,6,0,0,South Africa,12.5,2021,https://groceries.morrisons.com/products/graham-norton-sauvignon-blanc-577569011
white,75,Schmitt Hock,4.49,2.8,5,Germany,9,,https://groceries.morrisons.com/products/schmitt-hock-421229011
white,75,Fairbank Wines Sauvignon Blanc,7,0,0,South Africa,12.5,2021,https://groceries.morrisons.com/products/fairbank-wines-sauvignon-blanc-500613011
white,75,Oyster Bay Sauvignon Blanc,10.5,4.8,8,New Zealand,13,2020,https://groceries.morrisons.com/products/oyster-bay-sauvignon-blanc-119932011
white,75,Cape Shadow Sauvignon Blanc,4.99,2.5,2,South Africa,12.5,2020,https://groceries.morrisons.com/products/cape-shadow-sauvignon-blanc-568752011
white,100,Felix Solis Sol de Espana White Wine,5.19,3.3,3,Spain,11,NV,https://groceries.morrisons.com/products/felix-solis-sol-de-espana-white-wine-119870011
white,75,19 Crimes Chardonnay,9,4.2,13,Australia,13.5,2020,https://groceries.morrisons.com/products/19-crimes-chardonnay-470781011
white,75,Oxford Landing Sauvignon Blanc,6.75,5,3,Australia,10.5,2021,https://groceries.morrisons.com/products/oxford-landing-sauvignon-blanc-119903011
white,75,Oxford Landing Chardonnay,6.75,4.5,2,Australia,13,2020,https://groceries.morrisons.com/products/oxford-landing-chardonnay-119901011
white,75,Lindeman's Bin 65 Chardonnay,6.5,3.7,3,Australia,13,2017,https://groceries.morrisons.com/products/lindeman-s-bin-65-chardonnay-212329011
white,75,Torres Vina Sol,7.5,4.5,4,Spain,12,2020,https://groceries.morrisons.com/products/torres-vina-sol-119871011
white,75,Silver Bay Point White,3.89,3.6,5,British,8,Non Vintage,https://groceries.morrisons.com/products/silver-bay-point-white-119984011
white,75,Gallo Family Vineyards Moscato White Wine,6,5,1,California,9,2019,https://groceries.morrisons.com/products/gallo-family-vineyards-moscato-white-wine-212334011
white,75,Silver Mine Sauvignon Blanc,4.79,4,1,Bulgaria,12,2021,https://groceries.morrisons.com/products/silver-mine-sauvignon-blanc-587791011
white,75,Kendermanns Riesling Spatlese,8.5,4.3,7,Germany,9,2020,https://groceries.morrisons.com/products/kendermanns-riesling-spatlese-261858011
white,75,Wolf Blass Red Label Chardonnay Semillon,7,3.7,3,Australia,12.5,2014,https://groceries.morrisons.com/products/wolf-blass-red-label-chardonnay-semillon-119916011
white,75,Brancott Estate Sauvignon Blanc White Wine,9.5,4.7,39,New Zealand,12.5,2016,https://groceries.morrisons.com/products/brancott-estate-sauvignon-blanc-white-wine-119927011
white,75,Daybreak Sauvignon Blanc,8,4.2,6,New Zealand,12,2017,https://groceries.morrisons.com/products/daybreak-sauvignon-blanc-406231011
white,75,Most Wanted Pinot Grigio,7.75,4.7,12,Italy,12,2020,https://groceries.morrisons.com/products/most-wanted-pinot-grigio-500623011
white,75,Echo Falls White,5.19,4,2,United States,11.5,NV,https://groceries.morrisons.com/products/echo-falls-white-212333011
white,75,Casillero del Diablo Reserva Chardonnay,7.5,4,5,Chile,13,2021,https://groceries.morrisons.com/products/casillero-del-diablo-reserva-chardonnay-119957011
white,75,Barefoot Chardonnay White Wine,6.75,4.3,31,United States,13.5,NV,https://groceries.morrisons.com/products/barefoot-chardonnay-white-wine-379847011
white,75,Workshop Australia White,4.99,5,1,Australia,11.5,NV,https://groceries.morrisons.com/products/workshop-australia-white-557785011
white,75,19 Crimes Sauvignon Block,9,4,6,Australia,12,2020,https://groceries.morrisons.com/products/19-crimes-sauvignon-block-546527011
white,225,Morrisons The Best Pinot Grigio,18,5,1,Italy,12.5,,https://groceries.morrisons.com/products/morrisons-the-best-pinot-grigio-530798011
white,75,Morrisons Chenin Blanc,4.79,4,2,South Africa,11.5,2019,https://groceries.morrisons.com/products/morrisons-chenin-blanc-421254011
white,75,Yellow Tail Sauvignon Blanc,7,5,1,Australia,11.5,2020,https://groceries.morrisons.com/products/yellow-tail-sauvignon-blanc-377187011
white,75,Giesen Estate Sauvignon Blanc Wine,9,4.8,8,New Zealand,12.5,2020,https://groceries.morrisons.com/products/giesen-estate-sauvignon-blanc-wine-324148011
white,75,Most Wanted Chardonnay,7.75,5,1,Australia,13.5,,https://groceries.morrisons.com/products/most-wanted-chardonnay-583428011
white,75,Silver Mine Chardonnay,4.79,0,0,Bulgaria,12,2021,https://groceries.morrisons.com/products/silver-mine-chardonnay-587790011
white,75,Te Pa Signature Series Sauvignon Blanc,10,4.3,3,New Zealand,13,2020,https://groceries.morrisons.com/products/te-pa-signature-series-sauvignon-blanc-565448011
white,75,McGuigan Reserve Chardonnay,7,3.7,3,Australia,13,2021,https://groceries.morrisons.com/products/mcguigan-reserve-chardonnay-119900011
white,75,64 Edge Marlborough Sauvignon Blanc,9,5,4,New Zealand,13,2019,https://groceries.morrisons.com/products/64-edge-marlborough-sauvignon-blanc-406230011
white,75,Villa Maria Sauvignon Blanc Cellar Selection,12,0,0,New Zealand,14,2020,https://groceries.morrisons.com/products/villa-maria-sauvignon-blanc-cellar-selection-553789011
white,75,Stoneleigh Sauvignon Blanc White Wine,10,4.5,4,New Zealand,13,2020,https://groceries.morrisons.com/products/stoneleigh-sauvignon-blanc-white-wine-552693011
white,75,Cono Sur Bicicleta Viognier,7.5,4.5,4,Chile,13.5,2022,https://groceries.morrisons.com/products/cono-sur-bicicleta-viognier-119954011
white,75,Gallo Family Vineyards Chardonnay White Wine,6,4.3,3,U,13,2019,https://groceries.morrisons.com/products/gallo-family-vineyards-chardonnay-white-wine-119943011
white,75,Workshop Bench Blend Sauvignon Blanc,4.79,2.5,6,Australia,11,2018,https://groceries.morrisons.com/products/workshop-bench-blend-sauvignon-blanc-451530011
white,75,Campo Viejo Rioja Blanco White Wine,8.25,4,2,Spain,12.5,2020,https://groceries.morrisons.com/products/campo-viejo-rioja-blanco-white-wine-380786011
white,150,Barefoot On Tap Pinot Grigio White Wine,13,4.6,31,United States,12,NV,https://groceries.morrisons.com/products/barefoot-on-tap-pinot-grigio-white-wine-551911011
white,150,Barefoot On Tap White Zinfandel Rose Wine,13,4.6,31,United States,8,NV,https://groceries.morrisons.com/products/barefoot-on-tap-white-zinfandel-rose-wine-551910011
white,75,Louis Alexandre Sauvignon Blanc,7.5,3.2,5,France,11.5,2014,https://groceries.morrisons.com/products/louis-alexandre-sauvignon-blanc-287466011
white,75,The Horologist Sauvignon Blanc,9,4.3,15,New Zealand,13,2020,https://groceries.morrisons.com/products/the-horologist-sauvignon-blanc-304215011
white,75,Squealing Pig Chardonnay,10,0,0,Australia,13,2018,https://groceries.morrisons.com/products/squealing-pig-chardonnay-480651011
white,75,Florio Vecchioflorio Marsala Superiore Dolce,11,0,0,Italy,18,2017,https://groceries.morrisons.com/products/florio-vecchioflorio-marsala-superiore-dolce-551490011
white,75,McGuigan Reserve Pinot Grigio,7.5,0,0,Australia,12,2021,https://groceries.morrisons.com/products/mcguigan-reserve-pinot-grigio-533873011
white,75,Don Simon Nature Sauvignon Blanc,4.99,0,0,,,,https://groceries.morrisons.com/products/don-simon-nature-sauvignon-blanc-590047011
white,75,Penfolds Koonunga Hill Chardonnay,10,0,0,Australia,13.5,2019,https://groceries.morrisons.com/products/penfolds-koonunga-hill-chardonnay-533891011
white,75,Trivento White Malbec,7,5,1,Argentina,12,2021,https://groceries.morrisons.com/products/trivento-white-malbec-583432011
white,75,McGuigan Reserve Sauv Blanc,7.5,4,2,Australia,12.5,2021,https://groceries.morrisons.com/products/mcguigan-reserve-sauv-blanc-480660011
white,75,The Wanted Chardonnay,8.5,4.8,4,Italy,14,2020,https://groceries.morrisons.com/products/the-wanted-chardonnay-552692011
white,75,Morrisons The Best Chablis,16,3,4,France,12.5,,https://groceries.morrisons.com/products/morrisons-the-best-chablis-119834011
white,75,Vinus By Paul MasClairette,8.5,4,3,France,12.5,2019,https://groceries.morrisons.com/products/vinus-by-paul-masclairette-289359011
white,75,64 Edge Sauvignon Blanc,7,0,0,Chile,12.5,2021,https://groceries.morrisons.com/products/64-edge-sauvignon-blanc-570686011
white,75,McGuigan BIN 156 Chardonnay,5.19,0,0,Australia,12,2018,https://groceries.morrisons.com/products/mcguigan-bin-156-chardonnay-243823011
white,37.5,Morrisons The Best Sauternes,12,0,0,France,14,,https://groceries.morrisons.com/products/morrisons-the-best-sauternes-557791011
rose,75,Morrisons The Best Marques de los Rios Rioja Blanco,8,3.3,3,Spain,13,2020,https://groceries.morrisons.com/products/morrisons-the-best-marques-de-los-rios-rioja-blanco-383075011
rose,75,Morrisons The Best Provence Rose,9.5,4,1,France,13,2018,https://groceries.morrisons.com/products/morrisons-the-best-provence-rose-480687011
rose,75,Morrisons The Best Chenin Blanc,8,4.7,9,Western Cape,12.5,2021,https://groceries.morrisons.com/products/morrisons-the-best-chenin-blanc-119967011
rose,75,Morrisons The Best Pinot Grigio Rose,7.75,3.7,6,Italy,12.5,2015,https://groceries.morrisons.com/products/morrisons-the-best-pinot-grigio-rose-217624011
rose,75,Vitis Nostra Pinot Noir Rose,6.25,4.5,11,Italy,11.5,2015,https://groceries.morrisons.com/products/vitis-nostra-pinot-noir-rose-287167011
rose,75,Mateus Rose,5.49,4.6,7,Portugal,11,NV,https://groceries.morrisons.com/products/mateus-rose-217997011
rose,75,Gallo Family Vineyards White Grenache Rose Wine,5.5,5,4,U,10.5,2019,https://groceries.morrisons.com/products/gallo-family-vineyards-white-grenache-rose-wine-212709011
rose,75,Barefoot White Zinfandel Rose Wine,6,4.4,7,United States,8.5,NV,https://groceries.morrisons.com/products/barefoot-white-zinfandel-rose-wine-119819011
rose,75,Gallo Family Vineyards White Zinfandel Rose Wine,5.5,0,0,United States,8.5,2019,https://groceries.morrisons.com/products/gallo-family-vineyards-white-zinfandel-rose-wine-212324011
rose,75,Echo Falls White Zinfandel,6.5,4.2,6,United States,10.5,2019,https://groceries.morrisons.com/products/echo-falls-white-zinfandel-243716011
rose,75,Blossom Hill White Zinfandel,5.5,5,3,United States,11,2019,https://groceries.morrisons.com/products/blossom-hill-white-zinfandel-119817011
rose,75,Barefoot Pink Moscato Rose Wine,6,5,9,United States,9,NV,https://groceries.morrisons.com/products/barefoot-pink-moscato-rose-wine-243688011
rose,75,La Vieille Ferme Rose,6,0,0,France,13,2020,https://groceries.morrisons.com/products/la-vieille-ferme-rose-588025011
rose,75,Morrisons The Best Touraine Rose,8,3,4,France,12.5,,https://groceries.morrisons.com/products/morrisons-the-best-touraine-rose-523765011
rose,75,Hardys Bankside Rose,6.5,5,1,Australia,11.5,2017,https://groceries.morrisons.com/products/hardys-bankside-rose-119824011
rose,75,I Heart Prosecco Rose,9.25,0,0,Italy,11,2020,https://groceries.morrisons.com/products/i-heart-prosecco-rose-585803011
rose,75,Black Tower Rosé,6,5,3,Produce of the EU,9.5,NV,https://groceries.morrisons.com/products/black-tower-ros-119807011
rose,75,L'Escarpe Coteaux D'Aix En Provence Rose,8.75,3.8,6,France,13,2017,https://groceries.morrisons.com/products/l-escarpe-coteaux-d-aix-en-provence-rose-421282011
rose,75,Yellow Tail Jammy Rose Roo,6,0,0,Australia,11,2022,https://groceries.morrisons.com/products/yellow-tail-jammy-rose-roo-583442011
rose,75,Blossom Hill Grenache Rosé,5.5,5,4,United States,11,2019,https://groceries.morrisons.com/products/blossom-hill-grenache-ros-119818011
rose,75,I Heart Rose,6,4,1,Spain,12,NV,https://groceries.morrisons.com/products/i-heart-rose-523785011
rose,75,Blossom Hill Rose Wine,6,0,0,Spain,11,NV,https://groceries.morrisons.com/products/blossom-hill-rose-wine-523763011
rose,75,Kylie Minogue Rose,9,5,3,France,12.5,2019,https://groceries.morrisons.com/products/kylie-minogue-rose-546518011
rose,75,Gallo Family Vineyards Spritz Raspberry & Lime,4,4.4,5,United States,5.5,,https://groceries.morrisons.com/products/gallo-family-vineyards-spritz-raspberry-lime-282638011
rose,75,Gary Barlow Organic Rose,6,3.5,2,Spain,12,2021,https://groceries.morrisons.com/products/gary-barlow-organic-rose-583427011
rose,75,Barefoot Pink Pinot Grigio Rose Wine,6,3,4,United States,12,NV,https://groceries.morrisons.com/products/barefoot-pink-pinot-grigio-rose-wine-379846011
rose,18.7,Fleurs De Prairie Luberon Rose,2.49,0,0,France,13,2020,https://groceries.morrisons.com/products/fleurs-de-prairie-luberon-rose-553420011
rose,75,Crocodile Diamante Rose,8,0,0,France,12.5,2021,https://groceries.morrisons.com/products/crocodile-diamante-rose-588020011
rose,20,J. P. Chenet Ice Edition Rose,2.5,5,6,France,11,NV,https://groceries.morrisons.com/products/j-p-chenet-ice-edition-rose-401923011
rose,75,Mirabeau X Rose,14,0,0,France,12.5,2021,https://groceries.morrisons.com/products/mirabeau-x-rose-589699011
rose,75,Studio By Miraval Rose,12,0,0,France,13,2021,https://groceries.morrisons.com/products/studio-by-miraval-rose-588026011
rose,75,Odette Mediterrannee Rose,10,0,0,France,13,2021,https://groceries.morrisons.com/products/odette-mediterrannee-rose-588024011
rose,75,Cuvee Mistral De Provenc,12,0,0,France,13,2020,https://groceries.morrisons.com/products/cuvee-mistral-de-provenc-588023011
rose,75,The Pale Rose,14,0,0,France,12.5,2021,https://groceries.morrisons.com/products/the-pale-rose-588022011
rose,75,Mucho Mas Rose,7.5,0,0,Spain,13,NV,https://groceries.morrisons.com/products/mucho-mas-rose-588019011
rose,75,Morrisons White Zinfandel,4.89,4.6,8,United States,10.5,,https://groceries.morrisons.com/products/morrisons-white-zinfandel-421255011
rose,75,The Shy Pig Blush,4.79,2.6,10,Australia,10.5,NV,https://groceries.morrisons.com/products/the-shy-pig-blush-310334011
rose,75,Silver Bay Point Rose,3.89,3.5,15,British,8,Non Vintage,https://groceries.morrisons.com/products/silver-bay-point-rose-119828011
rose,75,Gallo Family Vineyards Summer Rose Wine,4.79,3.8,6,United States,5.5,NV,https://groceries.morrisons.com/products/gallo-family-vineyards-summer-rose-wine-229564011
rose,75,Kingsland Portuguese Rose,4.69,5,1,Portugal,10,NV,https://groceries.morrisons.com/products/kingsland-portuguese-rose-488295011
rose,75,Myton Hill Rose,4.19,0,0,Spain,10.5,NV,https://groceries.morrisons.com/products/myton-hill-rose-541749011
rose,75,Yellow Tail Rose,7,5,1,Australia,12,NV,https://groceries.morrisons.com/products/yellow-tail-rose-477311011
rose,75,19 Crimes Revolutionary Rose,9,3.2,5,Spain,13.5,,https://groceries.morrisons.com/products/19-crimes-revolutionary-rose-566181011
rose,75,Jam Shed Rose California,8,5,4,United States,11,2020,https://groceries.morrisons.com/products/jam-shed-rose-california-551481011
rose,75,Villa Maria Blush Sauvignon,10.5,5,1,New Zealand,,2019,https://groceries.morrisons.com/products/villa-maria-blush-sauvignon-528425011
rose,75,Rose Calvet Cap D' Adge Igp Cotes De Thau,9,5,2,France,12,2018,https://groceries.morrisons.com/products/rose-calvet-cap-d-adge-igp-cotes-de-thau-480686011
rose,75,Squealin Pig Pinot Grigio Rose,10,0,0,Italy,12,2021,https://groceries.morrisons.com/products/squealin-pig-pinot-grigio-rose-583981011
rose,75,Trivento Rose,8,0,0,Argentina,11.5,2021,https://groceries.morrisons.com/products/trivento-rose-583433011
rose,75,Mud House Chile Rose,9,0,0,Chile,12.5,2021,https://groceries.morrisons.com/products/mud-house-chile-rose-583436011
rose,75,Freixenet Italian Rose,9,3.7,3,Italy,11.5,2019,https://groceries.morrisons.com/products/freixenet-italian-rose-523752011
rose,75,Piccini Costa Toscana Organic Rose,9,0,0,Italy,12.5,2021,https://groceries.morrisons.com/products/piccini-costa-toscana-organic-rose-583430011
rose,75,Blossom Hill Gin Fizz Blood Orange,9,0,0,United Kingdom,8.5,,https://groceries.morrisons.com/products/blossom-hill-gin-fizz-blood-orange-551486011
rose,75,Fairbank Sauvignon Blanc Rose,7,4,3,South Africa,12.5,2020,https://groceries.morrisons.com/products/fairbank-sauvignon-blanc-rose-523770011
sparkling,75,Morrisons The Best Marlborough Sauvignon Blanc,9,3.7,3,New Zealand,12.5,2019,https://groceries.morrisons.com/products/morrisons-the-best-marlborough-sauvignon-blanc-283660011
sparkling,70,Aperol,16,4,4,Italy,11,,https://groceries.morrisons.com/products/aperol-265270011
sparkling,75,Morrisons The Best South African Sauvignon Blanc,7.5,4,9,Western Cape,12.5,2021,https://groceries.morrisons.com/products/morrisons-the-best-south-african-sauvignon-blanc-119962011
sparkling,75,La Gioiosa Prosecco Brut,10,4.7,7,Italy,11,NV,https://groceries.morrisons.com/products/la-gioiosa-prosecco-brut-217926011
sparkling,75,Morrisons The Best Prosecco DOC,8.75,4.2,18,Italy,11,,https://groceries.morrisons.com/products/morrisons-the-best-prosecco-doc-120002011
sparkling,75,La Gioiosa Rosado Prosecco,10,4.6,9,Italy,11,NV,https://groceries.morrisons.com/products/la-gioiosa-rosado-prosecco-243844011
sparkling,75,Sorso Prosecco Spumante,6.49,3.4,16,Italy,11,NV,https://groceries.morrisons.com/products/sorso-prosecco-spumante-480679011
sparkling,75,Morrisons The Best Prosecco Valdobbiadene DOCG,10,4.9,9,Italy,11,,https://groceries.morrisons.com/products/morrisons-the-best-prosecco-valdobbiadene-docg-480626011
sparkling,75,Menestrello Prosecco Spumante,8,3.8,13,Italy,11,NV,https://groceries.morrisons.com/products/menestrello-prosecco-spumante-258584011
sparkling,75,I Heart Prosecco,8.75,3.7,6,Italy,11,NV,https://groceries.morrisons.com/products/i-heart-prosecco-401822011
sparkling,75,Freixenet Prosecco D. O. C.,9,4,6,Italy,11,NV,https://groceries.morrisons.com/products/freixenet-prosecco-d-o-c-427914011
sparkling,75,Morrisons The Best Marques de los Rios Cava Brut,9.25,4.2,10,Spain,12,,https://groceries.morrisons.com/products/morrisons-the-best-marques-de-los-rios-cava-brut-217631011
sparkling,20,Freixenet Prosecco,4.25,0,0,Italy,11,NV,https://groceries.morrisons.com/products/freixenet-prosecco-480646011
sparkling,75,Codorniu Vintage Cava Brut,11,5,2,Spain,11.5,2019,https://groceries.morrisons.com/products/codorniu-vintage-cava-brut-553421011
sparkling,75,Morrisons The Best Cremant De Limoux Sparkling Wine,12.5,3.3,4,France,12.5,,https://groceries.morrisons.com/products/morrisons-the-best-cremant-de-limoux-sparkling-wine-533895011
sparkling,75,Morrisons The Best Prosecco Rose DOC,8.75,3.7,3,Italy,11,,https://groceries.morrisons.com/products/morrisons-the-best-prosecco-rose-doc-533897011
sparkling,75,Morrisons The Best Etienne Leclair Brut Champagne,23,3.8,4,France,12,,https://groceries.morrisons.com/products/morrisons-the-best-etienne-leclair-brut-champagne-217633011
sparkling,75,Morrisons The Best English Sparkling Brut Vintage 2010,27,4.5,8,England,11.5,,https://groceries.morrisons.com/products/morrisons-the-best-english-sparkling-brut-vintage-2010-480635011
sparkling,20,Freixenet Italian Rose Sparkling Wine,4.25,3,2,Italy,11,NV,https://groceries.morrisons.com/products/freixenet-italian-rose-sparkling-wine-480644011
sparkling,75,Morrisons The Best Brut Premier Cru Champagne,27,3,2,France,12,,https://groceries.morrisons.com/products/morrisons-the-best-brut-premier-cru-champagne-437973011
sparkling,75,Mionetto Prosecco Doc Treviso Brut,10,4,2,Italy,11,NV,https://groceries.morrisons.com/products/mionetto-prosecco-doc-treviso-brut-480636011
sparkling,75,Morrisons The Best Etienne Leclair Brut Rose Champagne,24,3,3,France,12,,https://groceries.morrisons.com/products/morrisons-the-best-etienne-leclair-brut-rose-champagne-217655011
sparkling,75,Corvezzo Organic Prosecco,8,4.8,12,Italy,11.5,2017,https://groceries.morrisons.com/products/corvezzo-organic-prosecco-421301011
sparkling,12.5,Lambrini Lightly Sparkling Perry,2.75,0,0,,6,,https://groceries.morrisons.com/products/lambrini-lightly-sparkling-perry-537620011
sparkling,75,Jules Mignon Brutreserve Champagne,16,4.3,6,France,12,NV,https://groceries.morrisons.com/products/jules-mignon-brutreserve-champagne-321403011
sparkling,75,Charles De Villers Champagne Brut,24,5,4,France,12.5,,https://groceries.morrisons.com/products/charles-de-villers-champagne-brut-541755011
sparkling,75,Veuve Devanlay Champagne Brut,26,4.3,6,France,12,NV,https://groceries.morrisons.com/products/veuve-devanlay-champagne-brut-212387011
sparkling,75,19 Crimes Sparkling White,10,0,0,Australia,12,NV,https://groceries.morrisons.com/products/19-crimes-sparkling-white-592236011
sparkling,75,Pale Fox Single Estate Prosecco Gift Box,25,0,0,Italy,11,2021,https://groceries.morrisons.com/products/pale-fox-single-estate-prosecco-gift-box-592237011
sparkling,75,Ferrari Brut Nv,23,0,0,Italy,12.5,NV,https://groceries.morrisons.com/products/ferrari-brut-nv-592241011
sparkling,75,Morrisons Winter Spiced Fizz,3.49,5,1,,4,,https://groceries.morrisons.com/products/morrisons-winter-spiced-fizz-569781011
sparkling,75,Castillo De Sierra Brut,5.85,2.3,3,Spain,11.5,NV,https://groceries.morrisons.com/products/castillo-de-sierra-brut-523748011
sparkling,75,Castillo De Sierra Semi Seco Cava,5.85,4.7,7,Spain,11.5,NV,https://groceries.morrisons.com/products/castillo-de-sierra-semi-seco-cava-523750011
sparkling,75,Castillo De Sierra Rosado,5.99,5,5,Spain,11.5,NV,https://groceries.morrisons.com/products/castillo-de-sierra-rosado-523749011
sparkling,75,Kylie Minogue Prosecco Rose,9,3.8,4,Italy,11,NV,https://groceries.morrisons.com/products/kylie-minogue-prosecco-rose-551496011
sparkling,75,Martini Asti Sparkling Wine,8.5,5,7,Italy,7.5,NV,https://groceries.morrisons.com/products/martini-asti-sparkling-wine-209721011
sparkling,75,La Gioiosa Prosecco Brut,10,4.7,7,Italy,11,NV,https://groceries.morrisons.com/products/la-gioiosa-prosecco-brut-217926011
sparkling,75,Canti Prosecco Spumante Brut,9.5,4,9,Italy,11,2019,https://groceries.morrisons.com/products/canti-prosecco-spumante-brut-228466011
sparkling,75,Freixenet Vintage Brut Cava,7,3.8,5,Spain,11.5,2014,https://groceries.morrisons.com/products/freixenet-vintage-brut-cava-212343011
sparkling,75,Freixenet Cordon Negro Brut Cava,11,4.1,9,Spain,11.5,NV,https://groceries.morrisons.com/products/freixenet-cordon-negro-brut-cava-119994011
sparkling,75,Mcguigan Black Label Shiraz,7.5,4.3,4,Australia,13.5,NV,https://groceries.morrisons.com/products/mcguigan-black-label-shiraz-551915011
sparkling,75,Radacini Blanc De Noirs,7,5,3,Moldova (Republic Of),12,NV,https://groceries.morrisons.com/products/radacini-blanc-de-noirs-583447011
sparkling,75,Freixenet Italian Sparkling Rose,12,4.3,3,Italy,10.8,NV,https://groceries.morrisons.com/products/freixenet-italian-sparkling-rose-258583011
sparkling,75,Maschio  Prosecco,10,4,7,Italy,11,2015,https://groceries.morrisons.com/products/maschio-prosecco-321391011
sparkling,75,Moet Rose Champagne NV Gift Box,47,5,3,France,12,NV,https://groceries.morrisons.com/products/moet-rose-champagne-nv-gift-box-217656011
sparkling,75,Champagne Veuve Devanlay Nv Rose,22,4.3,6,France,12,NV,https://groceries.morrisons.com/products/champagne-veuve-devanlay-nv-rose-261706011
sparkling,75,Veuve Clicquot Yellow Label,45,5,4,France,,NV,https://groceries.morrisons.com/products/veuve-clicquot-yellow-label-209726011
sparkling,150,Freixenet Prosecco,20,5,1,Italy,11,NV,https://groceries.morrisons.com/products/freixenet-prosecco-570684011
sparkling,75,Lanson Black Label Brut NV,37,5,1,France,12.5,NV,https://groceries.morrisons.com/products/lanson-black-label-brut-nv-120009011
sparkling,37.5,Moet & Chandon Brut,24,1.7,6,France,,,https://groceries.morrisons.com/products/moet-chandon-brut-263683011
sparkling,75,Freixenet  Cordon Rosado    Seco,11,3.7,3,Spain,12,NV,https://groceries.morrisons.com/products/freixenet-cordon-rosado-seco-260346011
sparkling,75,Heidsieck & Co Monopole Blue Top Brut Champagne,29,5,2,France,12,NV,https://groceries.morrisons.com/products/heidsieck-co-monopole-blue-top-brut-champagne-512054011
sparkling,75,Maschio Prosecco Doc Rose Spumante Extra Dry,11,4.3,3,Italy,11,2019,https://groceries.morrisons.com/products/maschio-prosecco-doc-rose-spumante-extra-dry-533892011
sparkling,75,Taittinger Brut Reserve NV,40,4.7,3,France,12.5,NV,https://groceries.morrisons.com/products/taittinger-brut-reserve-nv-120010011
sparkling,75,Denbies Wine Estate Chalk Valley Sparkling Wine,16,4.3,6,England,12,,https://groceries.morrisons.com/products/denbies-wine-estate-chalk-valley-sparkling-wine-421300011
sparkling,75,Morrisons Mimosa,2.99,0,0,,4,,https://groceries.morrisons.com/products/morrisons-mimosa-586524011
sparkling,75,"Mumm Cordon Rouge Champagne Brut, Non-Vintage",36,5,2,France,12,Non Vintage,https://groceries.morrisons.com/products/mumm-cordon-rouge-champagne-brut-non-vintage-261708011
sparkling,150,Freixenet Italian Rose Sparkling Wine,20,1,1,Italy,11,NV,https://groceries.morrisons.com/products/freixenet-italian-rose-sparkling-wine-523751011
sparkling,75,Veuve Clicquot Champagne Vintage,56,2,1,France,12,2012,https://groceries.morrisons.com/products/veuve-clicquot-champagne-vintage-342872011
sparkling,75,Bollinger Special Cuvee Brut NV,52,4,3,,12,NV,https://groceries.morrisons.com/products/bollinger-special-cuvee-brut-nv-120011011
sparkling,75,Lanson Rose Label Champagne Rose NV,41,0,0,France,12.5,NV,https://groceries.morrisons.com/products/lanson-rose-label-champagne-rose-nv-243847011
sparkling,75,Moet Vintage Champagne Gift Box,54,5,1,France,12.5,2012,https://groceries.morrisons.com/products/moet-vintage-champagne-gift-box-243835011
sparkling,75,Heidsieck Monopole Rose Champagne,35,5,1,France,12,NV,https://groceries.morrisons.com/products/heidsieck-monopole-rose-champagne-583435011
sparkling,75,Moet & Chandon Imperial Brut Champagne,41,4.3,3,France,12,NV,https://groceries.morrisons.com/products/moet-chandon-imperial-brut-champagne-209724011
sparkling,75,Morrisons The Best Clementine Bucks Fizz,3.99,5,2,France,4,,https://groceries.morrisons.com/products/morrisons-the-best-clementine-bucks-fizz-500603011
sparkling,75,Morrisons The Best Kir Royale,4,1,1,France,5.5,,https://groceries.morrisons.com/products/morrisons-the-best-kir-royale-500602011
red,75,McGuigan Black Label Pinot Grigio,6.75,4.1,7,Australia,11.5,2021,https://groceries.morrisons.com/products/mcguigan-black-label-pinot-grigio-211276011
red,75,McGuigan Black Label Chardonnay,6.75,2.8,4,Australia,12.5,2021,https://groceries.morrisons.com/products/mcguigan-black-label-chardonnay-119906011
red,75,Wolf Blass Vineyards Chardonnay,6.5,3.7,3,Australia,13,2012,https://groceries.morrisons.com/products/wolf-blass-vineyards-chardonnay-119918011
red,75,Yellow Tail Malbec,7,4.6,7,Australia,13.5,2019,https://groceries.morrisons.com/products/yellow-tail-malbec-273276011
red,75,Apothic Red Wine,9.5,4.7,208,United States,13.5,2019,https://groceries.morrisons.com/products/apothic-red-wine-287190011
red,75,Apothic Cabernet Sauvignon Red Wine,10,0,0,United States,13.5,2019,https://groceries.morrisons.com/products/apothic-cabernet-sauvignon-red-wine-551491011
red,75,McGuigan Black Label Merlot,6.75,4.2,13,Australia,12.5,2021,https://groceries.morrisons.com/products/mcguigan-black-label-merlot-243824011
red,75,McGuigan Black Label Shiraz,6.75,3.6,13,Australia,12.5,2021,https://groceries.morrisons.com/products/mcguigan-black-label-shiraz-243825011
red,75,Rosemount Diamond Selection Shiraz,5.49,3.6,11,Australia,12.5,2021,https://groceries.morrisons.com/products/rosemount-diamond-selection-shiraz-119744011
red,75,McGuigan Black Label Red,6.75,4.4,9,Australia,13,2020,https://groceries.morrisons.com/products/mcguigan-black-label-red-480668011
red,75,Wolf Blass Vineyards Release Shiraz,6.5,5,2,Australia,13.5,2013,https://groceries.morrisons.com/products/wolf-blass-vineyards-release-shiraz-523771011
red,75,Alzar            Malbec,6.25,3,17,Argentina,12.5,2021,https://groceries.morrisons.com/products/alzar-malbec-261840011
red,75,Wolf Blass Red Label Shiraz Cabernet,5.49,3.9,8,Australia,14,2013,https://groceries.morrisons.com/products/wolf-blass-red-label-shiraz-cabernet-119750011
red,75,19 Crimes Red,7,4.6,23,Australia,13.5,2020,https://groceries.morrisons.com/products/19-crimes-red-372261011
red,75,Beefsteak Club Mendoza Malbec,6,4.5,2,Argentina,13.5,2020,https://groceries.morrisons.com/products/beefsteak-club-mendoza-malbec-480666011
red,75,Barefoot Merlot Red Wine,6,4.6,11,United States,13.5,NV,https://groceries.morrisons.com/products/barefoot-merlot-red-wine-119757011
red,75,Most Wanted Shiraz,5.49,5,1,Australia,13.5,2021,https://groceries.morrisons.com/products/most-wanted-shiraz-583429011
red,75,Turner Road Reserve Merlot,6.5,3.6,9,USA,13,,https://groceries.morrisons.com/products/turner-road-reserve-merlot-212315011
red,75,Casillero Del Diablo Reserva Cabernet Sauvignon,6.5,4.4,5,Valle Central,13.5,2020,https://groceries.morrisons.com/products/casillero-del-diablo-reserva-cabernet-sauvignon-211700011
red,75,Yellow Tail Jammy Red Roo,6,3.9,13,Australia,12,NV,https://groceries.morrisons.com/products/yellow-tail-jammy-red-roo-527191011
red,75,Hardys Nottage Hill Cabernet Shiraz,6.75,4,7,Australia,14,2016,https://groceries.morrisons.com/products/hardys-nottage-hill-cabernet-shiraz-119742011
red,75,Yellow Tail Merlot,6,5,2,Australia,13.5,2019,https://groceries.morrisons.com/products/yellow-tail-merlot-523772011
red,75,Gallo Family Vineyards Merlot Red Wine,5.75,5,4,United States,13,2019,https://groceries.morrisons.com/products/gallo-family-vineyards-merlot-red-wine-375032011
red,75,Alzar Sauvignon Blanc,6.25,4.3,3,Chile,12.5,2021,https://groceries.morrisons.com/products/alzar-sauvignon-blanc-525689011
red,75,Campo Viejo Rioja Reserva Red Wine,11,4.7,6,Spain,13.5,2016,https://groceries.morrisons.com/products/campo-viejo-rioja-reserva-red-wine-243703011
red,75,19 Crimes The Uprising Red Wine,10,4.6,7,Australia,14,2020,https://groceries.morrisons.com/products/19-crimes-the-uprising-red-wine-478371011
red,75,Hardys Bankside Shiraz,6.5,4,6,Australia,13,2017,https://groceries.morrisons.com/products/hardys-bankside-shiraz-212305011
red,75,Hardys Nottage Hill Merlot,6.75,0,0,Australia,14,2017,https://groceries.morrisons.com/products/hardys-nottage-hill-merlot-551493011
red,75,Morrisons The Best Primitivo,8.25,4.6,8,Italy,13.5,2018,https://groceries.morrisons.com/products/morrisons-the-best-primitivo-392537011
red,18.7,Yellow Tail Shiraz,2.49,0,0,Australia,13.5,2018,https://groceries.morrisons.com/products/yellow-tail-shiraz-551904011
red,75,Asado Club Malbec,6,3.6,14,Argentina,13,NV,https://groceries.morrisons.com/products/asado-club-malbec-342863011
red,75,Piccini Memoro Red,6,4.2,16,Italy,14,NV,https://groceries.morrisons.com/products/piccini-memoro-red-248217011
red,75,Morrisons The Best Cabernet Sauvignon,7.5,0,0,South Africa,13.5,2021,https://groceries.morrisons.com/products/morrisons-the-best-cabernet-sauvignon-398783011
red,75,Morrisons The Best Gran Montana Malbec,8.75,4.4,12,Argentina,13,2014,https://groceries.morrisons.com/products/morrisons-the-best-gran-montana-malbec-293192011
red,75,Morrisons The Best Cotes du Rhone Villages,8.5,4.3,4,France,14,2014,https://groceries.morrisons.com/products/morrisons-the-best-cotes-du-rhone-villages-119662011
red,75,Morrisons The Best Marques de los Rios Rioja Reserva,9.25,3.7,12,Spain,13.5,2017,https://groceries.morrisons.com/products/morrisons-the-best-marques-de-los-rios-rioja-reserva-273275011
red,75,Morrisons The Best Negroamaro,7.75,4.4,13,Italy,13.5,2019,https://groceries.morrisons.com/products/morrisons-the-best-negroamaro-421295011
red,75,Campo Viejo Rioja Garnacha Red Wine,7,4.5,2,Spain,14,2020,https://groceries.morrisons.com/products/campo-viejo-rioja-garnacha-red-wine-310333011
red,75,Morrisons The Best Cahors Malbec,8.25,4.5,4,France,13,2019,https://groceries.morrisons.com/products/morrisons-the-best-cahors-malbec-523786011
red,75,Morrisons The Best Douro Red,8.25,4.5,6,Portugal,13.5,2012,https://groceries.morrisons.com/products/morrisons-the-best-douro-red-261688011
red,75,Morrisons The Best Marques de los Rios Rioja Crianza,8.5,3.2,6,Spain,13.5,,https://groceries.morrisons.com/products/morrisons-the-best-marques-de-los-rios-rioja-crianza-480629011
red,75,Reino De La Vina Rioja,6.75,0,0,Spain,14,2021,https://groceries.morrisons.com/products/reino-de-la-vina-rioja-583439011
red,75,Head Honcho Cabernet Sauvignon,6,3.4,7,Chile,13.5,2016,https://groceries.morrisons.com/products/head-honcho-cabernet-sauvignon-356050011
red,75,The Wanted Zin Zinfandel,10,4.6,14,Italy,14.5,2019,https://groceries.morrisons.com/products/the-wanted-zin-zinfandel-270334011
red,18.7,Morrisons The Best Marques De Los Rios Rioja Joven,2.5,0,0,,14,2020,https://groceries.morrisons.com/products/morrisons-the-best-marques-de-los-rios-rioja-joven-551487011
red,75,Morrisons The Best Uco Valley Malbec,10,3.5,4,Argentina,14,2017,https://groceries.morrisons.com/products/morrisons-the-best-uco-valley-malbec-410531011
red,75,Morrisons The Best Valpolicella Ripasso,11,4.3,7,Italy,13.5,2015,https://groceries.morrisons.com/products/morrisons-the-best-valpolicella-ripasso-119709011
red,75,Trivento Private Reserve Malbec,10,4.2,5,Argentina,14,2020,https://groceries.morrisons.com/products/trivento-private-reserve-malbec-477302011
red,75,Alzar Merlot,6.25,4.7,3,Chile,13,2021,https://groceries.morrisons.com/products/alzar-merlot-525688011
red,75,Blossom Hill Red Wine,6,3.5,2,Spain,12.5,,https://groceries.morrisons.com/products/blossom-hill-red-wine-570808011
red,75,Monts & Vaux Malbec,6.25,2.4,11,France,12.5,2018,https://groceries.morrisons.com/products/monts-vaux-malbec-287212011
red,75,Barefoot Malbec Red Wine,6,4,6,United States,13,NV,https://groceries.morrisons.com/products/barefoot-malbec-red-wine-325037011
red,75,Apothic Red Wine,9.5,4.7,208,United States,13.5,2019,https://groceries.morrisons.com/products/apothic-red-wine-287190011
red,75,Morrisons The Best Fleurie,10,4.6,8,France,13,,https://groceries.morrisons.com/products/morrisons-the-best-fleurie-273004011
red,75,Gary Barlow Organic Red Wine,6,3.4,7,Spain,13.5,2020,https://groceries.morrisons.com/products/gary-barlow-organic-red-wine-570469011
red,75,I Heart Malbec,6,0,0,Argentina,13,2019,https://groceries.morrisons.com/products/i-heart-malbec-525694011
red,75,Morrisons The Best Bordeaux Superior,7.5,3,1,France,13,2014,https://groceries.morrisons.com/products/morrisons-the-best-bordeaux-superior-321387011
red,75,Diablo Dark Red,10,4.1,13,Chile,13.5,2021,https://groceries.morrisons.com/products/diablo-dark-red-477285011
red,150,Jam Shed Shiraz Australia,12,5,2,Australia,13.5,2020,https://groceries.morrisons.com/products/jam-shed-shiraz-australia-551482011
red,75,I Heart Merlot,6,0,0,Spain,12,NV,https://groceries.morrisons.com/products/i-heart-merlot-527192011
red,75,Morrisons The Best Pinotage,7.5,3.5,8,South Africa,14,2016,https://groceries.morrisons.com/products/morrisons-the-best-pinotage-119784011
red,75,Montelciego Rioja Reserva,7,2.5,16,Spain,13.5,2016,https://groceries.morrisons.com/products/montelciego-rioja-reserva-274531011
red,75,Cono Sur Bicicleta Malbec,5.5,3,3,Chile,13,2020,https://groceries.morrisons.com/products/cono-sur-bicicleta-malbec-412995011
red,75,Morrisons The Best Single Vineyard Pinot Noir,10,4,2,Chile,13,2019,https://groceries.morrisons.com/products/morrisons-the-best-single-vineyard-pinot-noir-378126011
red,75,Head Honcho Merlot,6,3,4,Chile,13,2016,https://groceries.morrisons.com/products/head-honcho-merlot-356049011
red,75,Morrisons The Best Barbera D'Asti,8.25,3.9,8,Italy,14.5,2014,https://groceries.morrisons.com/products/morrisons-the-best-barbera-d-asti-119717011
red,75,Cono Sur Bicicleta Pinot Noir,5.75,3.3,6,Chile,13.5,2020,https://groceries.morrisons.com/products/cono-sur-bicicleta-pinot-noir-119771011
red,75,Lindemans Gentlemans Collection Cabernet Sauvignon,8.5,4.2,6,Australia,14,2020,https://groceries.morrisons.com/products/lindemans-gentlemans-collection-cabernet-sauvignon-325762011
red,75,Parrilla By Vinalba Malbec,9,5,3,Argentina,14,2020,https://groceries.morrisons.com/products/parrilla-by-vinalba-malbec-552694011
red,75,Morrisons The Best Shiraz,7.5,1.3,4,South Africa,14,2019,https://groceries.morrisons.com/products/morrisons-the-best-shiraz-392538011
red,75,Morrisons The Best Chianti Classico,9.25,2.2,6,Italy,12.5,,https://groceries.morrisons.com/products/morrisons-the-best-chianti-classico-295610011
red,75,The Signal Post Shiraz,7.25,0,0,South Africa,13,2021,https://groceries.morrisons.com/products/the-signal-post-shiraz-578066011
red,18.7,Blossom Hill Classic Red,2,0,0,Spain,12.5,NV,https://groceries.morrisons.com/products/blossom-hill-classic-red-571443011
red,75,Morrisons The Best Chilean Carmenere,8.25,4,2,Chile,13.5,2021,https://groceries.morrisons.com/products/morrisons-the-best-chilean-carmenere-533214011
red,75,Morrisons The Best Languedoc Red,8.25,2.8,5,France,13.5,,https://groceries.morrisons.com/products/morrisons-the-best-languedoc-red-321388011
red,75,Morrisons The Best Marques de los Rios Rioja Gran Reserva,12.5,4.3,3,Spain,14,,https://groceries.morrisons.com/products/morrisons-the-best-marques-de-los-rios-rioja-gran-reserva-398971011
red,75,Ogier Heritage Cotes Dr,10,4.3,3,France,14.5,2019,https://groceries.morrisons.com/products/ogier-heritage-cotes-dr-448310011
red,75,Diablo Black Cabernet Sauvignon,10,5,1,Chile,13.5,2020,https://groceries.morrisons.com/products/diablo-black-cabernet-sauvignon-551497011
red,75,Morrisons The Best Australia Cabernet Sauvignon,7.5,2.8,4,Australia,14,2013,https://groceries.morrisons.com/products/morrisons-the-best-australia-cabernet-sauvignon-330609011
red,75,Penfolds Koonunga Hill Shiraz Cabernet,8.5,0,0,Australia,14.5,2019,https://groceries.morrisons.com/products/penfolds-koonunga-hill-shiraz-cabernet-553811011
red,75,Morrisons The Best Chateauneuf Du Pape,19,3,2,France,14.5,,https://groceries.morrisons.com/products/morrisons-the-best-chateauneuf-du-pape-119663011
red,75,Morrisons The Best Amarone,17,4.4,7,Italy,14.5,2014,https://groceries.morrisons.com/products/morrisons-the-best-amarone-398781011
red,75,Kumala Shiraz,6.25,3.7,3,South Africa,13.5,2017,https://groceries.morrisons.com/products/kumala-shiraz-525863011
red,75,Colpasso Nero D'Avola Appassimento,7.5,3,1,,14,2020,https://groceries.morrisons.com/products/colpasso-nero-d-avola-appassimento-577571011
red,75,Morrisons The Best Chilean Merlot,8.25,0,0,Chile,13.5,2021,https://groceries.morrisons.com/products/morrisons-the-best-chilean-merlot-533212011
red,75,Morrisons The Best Ribera Del Duero,9,0,0,Spain,14.5,,https://groceries.morrisons.com/products/morrisons-the-best-ribera-del-duero-589704011
red,75,Villa Maria Private Bin Pinot Noir,11,3.3,4,New Zealand,13.5,2020,https://groceries.morrisons.com/products/villa-maria-private-bin-pinot-noir-264251011
red,75,Morrisons The Best Saint Emilion,14,4,2,France,13,2015,https://groceries.morrisons.com/products/morrisons-the-best-saint-emilion-398970011
red,75,Kumala Rose,6.25,0,0,South Africa,12,2017,https://groceries.morrisons.com/products/kumala-rose-571442011
red,75,Morrisons The Best Toscana,10,3.6,5,Italy,13,2019,https://groceries.morrisons.com/products/morrisons-the-best-toscana-243663011
red,75,Morrisons The Best Dao Red,9,5,1,Portugal,13,,https://groceries.morrisons.com/products/morrisons-the-best-dao-red-589702011
red,75,Trivento Golden Reserve Malbec,13,3,1,Argentina,13.5,2019,https://groceries.morrisons.com/products/trivento-golden-reserve-malbec-551495011
red,75,Morrisons The Best Alvarinho,7.5,0,0,Portugal,12,,https://groceries.morrisons.com/products/morrisons-the-best-alvarinho-589672011
red,75,Matsu El Picaro,10,0,0,Spain,14.5,2021,https://groceries.morrisons.com/products/matsu-el-picaro-583443011
red,75,Morrisons The Best Bush Vine Cinsault,8.5,3,3,South Africa,14.5,2021,https://groceries.morrisons.com/products/morrisons-the-best-bush-vine-cinsault-500604011
red,75,Morrisons The Best Barolo,19,1.8,11,Italy,14,,https://groceries.morrisons.com/products/morrisons-the-best-barolo-119723011
red,75,Errazuriz Cabernet Sauvignon,7.5,3,1,Chile,13.5,2019,https://groceries.morrisons.com/products/errazuriz-cabernet-sauvignon-261836011
red,75,Granite Earth Red,7,0,0,South Africa,14,2017,https://groceries.morrisons.com/products/granite-earth-red-448083011
red,75,Baron Philippe de Rothschild Mouton Cadet Rouge,10,3.3,7,Bordeaux,13.5,2019,https://groceries.morrisons.com/products/baron-philippe-de-rothschild-mouton-cadet-rouge-119652011
red,75,Myton Hill Merlot,4.25,4.4,5,Moldova (Republic Of),13,,https://groceries.morrisons.com/products/myton-hill-merlot-421269011
red,75,Porta 6 Lisboa Tempranillo,7.5,0,0,Portugal,13.5,2021,https://groceries.morrisons.com/products/porta-6-lisboa-tempranillo-589703011
red,75,Morrisons The Best Beaujolais Villages,9,3.5,2,France,13,,https://groceries.morrisons.com/products/morrisons-the-best-beaujolais-villages-273005011
red,75,Carte Rouge Vin de France,5.5,0,0,,12,NV,https://groceries.morrisons.com/products/carte-rouge-vin-de-france-588182011
red,75,Mad Fish Shiraz,9,0,0,Western Australia,14.5,2018,https://groceries.morrisons.com/products/mad-fish-shiraz-588018011
red,75,Squealing Pig Primitivo,9,5,1,Italy,13,2017,https://groceries.morrisons.com/products/squealing-pig-primitivo-478368011
red,75,Translations Shiraz,4.99,0,0,Spain,13,NV,https://groceries.morrisons.com/products/translations-shiraz-594450011
red,75,Casillero Del Diablo Tempranillo,7.5,0,0,Spain,14,2020,https://groceries.morrisons.com/products/casillero-del-diablo-tempranillo-588183011
red,75,Wolf Blass House Of The Dragon Cabernet Shiraz,15,0,0,Australia,14.5,2021,https://groceries.morrisons.com/products/wolf-blass-house-of-the-dragon-cabernet-shiraz-589701011
red,75,Cali By Snoop Cali Red,12,0,0,United States,13.5,2021,https://groceries.morrisons.com/products/cali-by-snoop-cali-red-580059011
red,75,Pata Negra Toro Roble,8,3,1,Spain,14,2019,https://groceries.morrisons.com/products/pata-negra-toro-roble-588021011
red,75,Mucho Mas Black Label Red,7.5,2,1,Spain,14,NV,https://groceries.morrisons.com/products/mucho-mas-black-label-red-588110011
red,75,Leopards Leap Lookout Red,7,0,0,South Africa,13.5,2020,https://groceries.morrisons.com/products/leopards-leap-lookout-red-588187011
red,75,Wise Wolf Cabernet Sauvignon,10,0,0,France,14,2021,https://groceries.morrisons.com/products/wise-wolf-cabernet-sauvignon-588111011
red,75,B. INK Red Blend,9,3,1,Australia,14.5,2020,https://groceries.morrisons.com/products/b-ink-red-blend-588109011
red,75,Duboeuf Beaujolais Village,9,0,0,,,,https://groceries.morrisons.com/products/duboeuf-beaujolais-village-593350011
red,75,McGuigan Bin 578 Merlot,5.19,4.5,8,Australia,12.5,2018,https://groceries.morrisons.com/products/mcguigan-bin-578-merlot-287173011
red,75,The Workshop Wine Company Shiraz,4.79,4.7,6,United Kingdom,13.5,2016,https://groceries.morrisons.com/products/the-workshop-wine-company-shiraz-358865011
red,75,Yellow Tail Shiraz,7,4.5,8,Australia,13.5,2020,https://groceries.morrisons.com/products/yellow-tail-shiraz-272107011
red,75,The Shy Pig Red,4.79,3.2,29,Australia,10.5,NV,https://groceries.morrisons.com/products/the-shy-pig-red-273012011
red,75,Jam Shed Shiraz,7.75,3.3,9,Australia,13.5,2020,https://groceries.morrisons.com/products/jam-shed-shiraz-477268011
red,75,Montepulciano D'Abruzzo,5.19,4.5,11,Italy,13,2019,https://groceries.morrisons.com/products/montepulciano-d-abruzzo-247967011
red,75,Barefoot Shiraz Red Wine,5.5,4.4,7,California,13.5,NV,https://groceries.morrisons.com/products/barefoot-shiraz-red-wine-119758011
red,75,Morrisons Merlot,4.79,2.7,3,Chile,13,,https://groceries.morrisons.com/products/morrisons-merlot-421265011
red,75,Morrisons Malbec 75Cl,4.99,1,1,South Africa,13,,https://groceries.morrisons.com/products/morrisons-malbec-75cl-421261011
red,75,Louis Raynald Cotes Du Rhone,5.19,5,2,,,,https://groceries.morrisons.com/products/louis-raynald-cotes-du-rhone-523793011
red,75,Campo Viejo Rioja Tempranillo Red Wine,8.25,4.3,44,Spain,13.5,2019,https://groceries.morrisons.com/products/campo-viejo-rioja-tempranillo-red-wine-119698011
red,100,Felix Solis Sol de Espana Red Wine,4.99,4,3,Spain,11,NV,https://groceries.morrisons.com/products/felix-solis-sol-de-espana-red-wine-119692011
red,75,J.P. Chenet Cabernet Syrah,6.75,4.5,2,France,13,2016,https://groceries.morrisons.com/products/j-p-chenet-cabernet-syrah-119676011
red,75,Trivento Reserve Malbec,8.5,3.8,13,Argentina,14,2020,https://groceries.morrisons.com/products/trivento-reserve-malbec-248213011
red,75,Lindeman's Bin 50 Shiraz,6.5,4,2,Australia,14,2020,https://groceries.morrisons.com/products/lindeman-s-bin-50-shiraz-210886011
red,75,Chevaliers St Martin Aop Bordeaux,5.19,4,2,France,13.5,2019,https://groceries.morrisons.com/products/chevaliers-st-martin-aop-bordeaux-523779011
red,225,Morrisons Malbec,13.25,4,2,Argentina,13,,https://groceries.morrisons.com/products/morrisons-malbec-530791011
red,75,Yellow Tail Malbec,7,4.6,7,Australia,13.5,2019,https://groceries.morrisons.com/products/yellow-tail-malbec-273276011
red,75,Morrisons Pinot Noir,4.79,2.8,4,Chile,13,,https://groceries.morrisons.com/products/morrisons-pinot-noir-421263011
red,75,Workshop Cabernet Sauvignon,4.79,0,0,United Kingdom,13.5,,https://groceries.morrisons.com/products/workshop-cabernet-sauvignon-548149011
red,225,Australian Red,13,0,0,Australia,12.5,NV,https://groceries.morrisons.com/products/australian-red-448084011
red,75,Casilliero del Diablo Reserva Merlot,7.5,3.3,7,Chile,13.5,2020,https://groceries.morrisons.com/products/casilliero-del-diablo-reserva-merlot-119772011
red,75,Jam Shed Malbec Argentina,8,3,2,Argentina,13,2019,https://groceries.morrisons.com/products/jam-shed-malbec-argentina-551480011
red,100,Penasol Sangria (Abv 5%),3.45,5,3,Spain,5,NV,https://groceries.morrisons.com/products/penasol-sangria-abv-5-413304011
red,75,Paul Mas Reserve Pinot Noir,8.75,4,4,France,13,2019,https://groceries.morrisons.com/products/paul-mas-reserve-pinot-noir-523795011
red,75,McGuigan Reserve Shiraz,7.5,5,10,Australia,13.5,2020,https://groceries.morrisons.com/products/mcguigan-reserve-shiraz-119754011
red,75,Morrisons Shiraz,4.79,3,2,Chile,13,2019,https://groceries.morrisons.com/products/morrisons-shiraz-421267011
red,75,Mavrodaphne Of Patras Sweet Red Wine,5.99,3.7,10,Greece,15,NV,https://groceries.morrisons.com/products/mavrodaphne-of-patras-sweet-red-wine-401925011
red,75,Barefoot Jammy Red Wine,7,4,48,United States,10.5,NV,https://groceries.morrisons.com/products/barefoot-jammy-red-wine-523789011
red,75,La Vieille Ferme,6.5,3.7,3,France,13,2019,https://groceries.morrisons.com/products/la-vieille-ferme-217712011
red,75,Le Verdier Cairanne Cotes Durhone Village 75,10,5,9,France,14.5,2014,https://groceries.morrisons.com/products/le-verdier-cairanne-cotes-durhone-village-75-327657011
red,75,Morrisons Pinotage,4.79,4.7,3,South Africa,13,,https://groceries.morrisons.com/products/morrisons-pinotage-421266011
red,75,Wolf Blass Yellow Label Cabernet Sauvignon,8.5,5,2,Australia,14.5,2020,https://groceries.morrisons.com/products/wolf-blass-yellow-label-cabernet-sauvignon-212434011
red,75,Grand Vin De Stellenbosch Cabernet Sauvignon Merlot,9,4.7,3,South Africa,13.5,2019,https://groceries.morrisons.com/products/grand-vin-de-stellenbosch-cabernet-sauvignon-merlot-524514011
red,225,Alzar Malbec,17,0,0,Argentina,12.5,2021,https://groceries.morrisons.com/products/alzar-malbec-415688011
red,75,Workshop Australian Red,4.99,0,0,Australia,12.5,NV,https://groceries.morrisons.com/products/workshop-australian-red-553812011
red,75,Oyster Bay Merlot,11,5,2,New Zealand,13.5,2019,https://groceries.morrisons.com/products/oyster-bay-merlot-295947011
red,75,Carta Roja Pura Jumilla Organic Wine,7.75,3.5,12,Spain,14,2019,https://groceries.morrisons.com/products/carta-roja-pura-jumilla-organic-wine-421291011
red,75,Graham Norton He Devil Rich Crafted Red,7,3,4,Argentina,14.5,,https://groceries.morrisons.com/products/graham-norton-he-devil-rich-crafted-red-571441011
red,75,Mcguigan Black Label Shiraz,7.5,4.3,4,Australia,13.5,NV,https://groceries.morrisons.com/products/mcguigan-black-label-shiraz-551915011
red,75,Vinalba Patagonia Malbec,10,3.8,5,Argentina,14,2015,https://groceries.morrisons.com/products/vinalba-patagonia-malbec-378127011
red,75,McGuigan Reserve Cabernet Sauvignon,7.5,3.7,3,Australia,12.5,2021,https://groceries.morrisons.com/products/mcguigan-reserve-cabernet-sauvignon-480658011
red,75,Morrisons The Best Mulled Wine,4.99,2,3,,11,NV,https://groceries.morrisons.com/products/morrisons-the-best-mulled-wine-500605011
red,75,Vinus By Paul Masmalbec,8.25,4,2,France,13.5,2015,https://groceries.morrisons.com/products/vinus-by-paul-masmalbec-287473011
red,75,19 Crimes The Deported,10,3.1,19,Australia,13,2020,https://groceries.morrisons.com/products/19-crimes-the-deported-548148011
red,75,Most Wanted Malbec 75Cl,7.75,4.3,16,South Africa,13.5,2021,https://groceries.morrisons.com/products/most-wanted-malbec-75cl-382859011
red,75,Jacob's Creek Double Barrel Matured Shiraz Red Wine,12,3.8,5,Australia,14.5,,https://groceries.morrisons.com/products/jacob-s-creek-double-barrel-matured-shiraz-red-wine-477277011
red,75,Zarper Malbec Gran Reserva,8.25,4.3,6,Chile,14,,https://groceries.morrisons.com/products/zarper-malbec-gran-reserva-378125011
red,75,Apothic Cabernet Sauvignon Red Wine,10,0,0,United States,13.5,2019,https://groceries.morrisons.com/products/apothic-cabernet-sauvignon-red-wine-551491011
red,75,Grant Burge Barossa Shiraz 5th Generation,13,5,1,Australia,14.5,2018,https://groceries.morrisons.com/products/grant-burge-barossa-shiraz-5th-generation-562931011
red,75,Vinalba Malbec,10,4.3,6,Argentina,14.5,2012,https://groceries.morrisons.com/products/vinalba-malbec-287191011
red,75,Comte De Saint Emmanuel,11,3,1,France,13,,https://groceries.morrisons.com/products/comte-de-saint-emmanuel-586374011
red,75,Freixenet Rioja,7,5,1,Spain,13.5,2020,https://groceries.morrisons.com/products/freixenet-rioja-578064011
red,75,The Wanderer Malbec,12,4.7,31,Argentina,13,NV,https://groceries.morrisons.com/products/the-wanderer-malbec-583440011
red,75,Campo Viejo Rioja Gran Reserva Red Wine,14,4.4,33,Spain,13.5,2014,https://groceries.morrisons.com/products/campo-viejo-rioja-gran-reserva-red-wine-287218011
red,75,Contino Reserva Rioja,25,0,0,Spain,14,2016,https://groceries.morrisons.com/products/contino-reserva-rioja-482575011
red,225,Jp Chenet Cabernet Syrah,16.5,0,0,France,13,2019,https://groceries.morrisons.com/products/jp-chenet-cabernet-syrah-553991011
red,150,19 Crimes Red Blend,17,0,0,Australia,13.5,NV,https://groceries.morrisons.com/products/19-crimes-red-blend-530824011
red,75,Calvet Cahors Malbec,8.25,3.1,7,Cahors,13.5,2015,https://groceries.morrisons.com/products/calvet-cahors-malbec-119671011
red,75,Penfolds Bin 8 Shiraz Cabernet,21,5,1,Australia,14.5,,https://groceries.morrisons.com/products/penfolds-bin-8-shiraz-cabernet-551499011
red,75,Carnivor Zinfandel Red Wine,10,0,0,California,14.5,2019,https://groceries.morrisons.com/products/carnivor-zinfandel-red-wine-577639011
red,75,Cidade Branca Alentejo,8,3.8,5,Portugal,14,2019,https://groceries.morrisons.com/products/cidade-branca-alentejo-533894011
red,75,Jacob's Creek Reserve Cabernet Sauvignon,9,3,1,Australia,14.5,2019,https://groceries.morrisons.com/products/jacob-s-creek-reserve-cabernet-sauvignon-551494011
red,75,Andre Brunel Chateauneuf-Du-Pape Les Cailloux,30,0,0,,,,https://groceries.morrisons.com/products/andre-brunel-chateauneuf-du-pape-les-cailloux-501221011
red,75,Louis Jadot Bourgogne Pinot Noir,17,3.3,3,France,13,2019,https://groceries.morrisons.com/products/louis-jadot-bourgogne-pinot-noir-523787011
red,75,Costa Di Bussia Barolo,37,0,0,Italy,14.5,2012,https://groceries.morrisons.com/products/costa-di-bussia-barolo-482572011
red,75,Georges Duboeuf Julienas,11,0,0,France,,2020,https://groceries.morrisons.com/products/georges-duboeuf-julienas-573734011
red,75,Bonpas Vacqueyras,15,4.5,2,France,14,2019,https://groceries.morrisons.com/products/bonpas-vacqueyras-533896011
red,75,Campo Viejo Winemakers Blend Red Wine,8.25,3,1,Spain,13.5,2019,https://groceries.morrisons.com/products/campo-viejo-winemakers-blend-red-wine-551498011
red,75,Cour Rastignac Medoc,10,3.5,2,France,13.5,2019,https://groceries.morrisons.com/products/cour-rastignac-medoc-527200011
red,75,Piccini Appassimento Leggero,9,3,1,Italy,14,2020,https://groceries.morrisons.com/products/piccini-appassimento-leggero-583446011
red,75,Chateau Des Jacques Moulin-A-Vent,18,4,2,France,13.5,2018,https://groceries.morrisons.com/products/chateau-des-jacques-moulin-a-vent-523790011
red,75,Chateau Mauriac Bordeaux,7.5,3.6,5,France,13.5,2019,https://groceries.morrisons.com/products/chateau-mauriac-bordeaux-119654011
red,75,Nipozzano Chianti Rufina Riserva,17,0,0,Italy,13.5,2019,https://groceries.morrisons.com/products/nipozzano-chianti-rufina-riserva-421296011
fortified_and_other,75,Barefoot Chardonnay White Wine,6.75,4.3,31,United States,13.5,NV,https://groceries.morrisons.com/products/barefoot-chardonnay-white-wine-379847011
fortified_and_other,75,Schmitt Liebfraumilch,4.49,2,1,Germany,9,,https://groceries.morrisons.com/products/schmitt-liebfraumilch-421228011
fortified_and_other,70,Tamnavulin Sherry Cask Single Malt Scotch Whisky,20,0,0,Scotland,40,,https://groceries.morrisons.com/products/tamnavulin-sherry-cask-single-malt-scotch-whisky-553401011
fortified_and_other,100,Cockburn's Special Reserve Port,11.5,5,3,: Portugal,20,NV,https://groceries.morrisons.com/products/cockburn-s-special-reserve-port-211142011
fortified_and_other,75,Harveys Bristol Cream Sherry,10,4,4,Spain,17.5,,https://groceries.morrisons.com/products/harveys-bristol-cream-sherry-211369011
fortified_and_other,75,Dow's Renown Port,8.5,5,4,Portugal,19,NV,https://groceries.morrisons.com/products/dow-s-renown-port-211361011
fortified_and_other,37.5,Morrisons The Best Oloroso Sherry,5.5,4,3,Spain,20,,https://groceries.morrisons.com/products/morrisons-the-best-oloroso-sherry-273902011
fortified_and_other,75,Martini Extra Dry Vermouth,8,5,1,Italy,15,NV,https://groceries.morrisons.com/products/martini-extra-dry-vermouth-376757011
fortified_and_other,75,Cockburns Special Reserve,9,0,0,: Portugal,20,NV,https://groceries.morrisons.com/products/cockburns-special-reserve-217625011
fortified_and_other,75,Martini Rosso Vermouth,8,0,0,Italy,15,,https://groceries.morrisons.com/products/martini-rosso-vermouth-376756011
fortified_and_other,75,Blandy's Rich Madeira,9,5,2,the Island of Madeira,19,NV,https://groceries.morrisons.com/products/blandy-s-rich-madeira-217920011
fortified_and_other,70,Crabbies Green Ginger Wine,5.5,5,3,United Kingdom,13.5,,https://groceries.morrisons.com/products/crabbies-green-ginger-wine-268012011
fortified_and_other,75,Taylor's 10 Year Old Tawny,17,0,0,Portugal,20,,https://groceries.morrisons.com/products/taylor-s-10-year-old-tawny-217611011
fortified_and_other,75,Martini Bianco Vermouth,8,0,0,Italy,15,NV,https://groceries.morrisons.com/products/martini-bianco-vermouth-480694011
fortified_and_other,37.5,Morrisons The Best Pedro Ximenez,5.5,4,12,Spain,17,,https://groceries.morrisons.com/products/morrisons-the-best-pedro-ximenez-210746011
fortified_and_other,100,Morrisons Cream Sherry,7.75,4.6,11,Spain,17.5,,https://groceries.morrisons.com/products/morrisons-cream-sherry-217643011
fortified_and_other,100,Morrisons Pale Cream Sherry,7.5,3.7,3,Spain,17.5,,https://groceries.morrisons.com/products/morrisons-pale-cream-sherry-210962011
fortified_and_other,70,Morrisons Fine Green Ginger Wine,3.75,3.8,8,,13.5,,https://groceries.morrisons.com/products/morrisons-fine-green-ginger-wine-210672011
fortified_and_other,100,Morrisons Amontillado Sherry,7.5,3.3,4,Spain,17.5,,https://groceries.morrisons.com/products/morrisons-amontillado-sherry-217679011
fortified_and_other,75,Morrisons Fino Sherry,5.69,3.8,12,Spain,15,,https://groceries.morrisons.com/products/morrisons-fino-sherry-217652011
fortified_and_other,70,Stone's Original Green Ginger Wine,5.49,4,3,United Kingdom,13.5,NV,https://groceries.morrisons.com/products/stone-s-original-green-ginger-wine-211011011
fortified_and_other,100,Croft Original Sherry Fine Pale Cream,12.5,5,1,Spain,17.5,NV,https://groceries.morrisons.com/products/croft-original-sherry-fine-pale-cream-211696011
fortified_and_other,75,Morrisons Ruby Port,7.49,4.7,3,Portugal,19,,https://groceries.morrisons.com/products/morrisons-ruby-port-217599011
fortified_and_other,100,Morrisons Vermouth Rosso,6,5,7,,14.8,,https://groceries.morrisons.com/products/morrisons-vermouth-rosso-212228011
fortified_and_other,100,Morrisons Manor Hall Fortified British Wine Medium,6.25,0,0,,15,,https://groceries.morrisons.com/products/morrisons-manor-hall-fortified-british-wine-medium-210876011
fortified_and_other,100,Morrisons Vermouth Extra Dry,6,0,0,Italy,14.8,,https://groceries.morrisons.com/products/morrisons-vermouth-extra-dry-217731011
fortified_and_other,100,Morrisons Vermouth Bianco,6,5,1,Italy,14.8,,https://groceries.morrisons.com/products/morrisons-vermouth-bianco-217730011
fortified_and_other,70,QC Cream,4.79,2.5,2,,15,NV,https://groceries.morrisons.com/products/qc-cream-211697011
fortified_and_other,100,Cinzano Bianco (ABV 15%),8.5,0,0,Italy,15,,https://groceries.morrisons.com/products/cinzano-bianco-abv-15-389820011
fortified_and_other,75,Morrisons Special Reserve Port,8.5,4.4,8,Portugal,20,,https://groceries.morrisons.com/products/morrisons-special-reserve-port-217636011
fortified_and_other,37.5,Wm Morrison Palo Cortado,6.25,3,2,Spain,19,,https://groceries.morrisons.com/products/wm-morrison-palo-cortado-299261011
fortified_and_other,75,Morrisons The Best Aged Tawny Port,12.5,5,1,Portugal,20,,https://groceries.morrisons.com/products/morrisons-the-best-aged-tawny-port-310363011
fortified_and_other,75,W.& J. Graham's Late Bottled Vintage Port,14,4.8,4,Portugal,20,,https://groceries.morrisons.com/products/w-j-graham-s-late-bottled-vintage-port-217841011
fortified_and_other,100,Morrisons Manor Hall Fortified British Wine Cream,6.25,0,0,,15,,https://groceries.morrisons.com/products/morrisons-manor-hall-fortified-british-wine-cream-210641011
fortified_and_other,75,Morrisons Tawny Port,7.49,3,2,Portugal,19,,https://groceries.morrisons.com/products/morrisons-tawny-port-217607011
fortified_and_other,70,Old Westminster Pale Cream,3.99,0,0,United Kingdom,13,NV,https://groceries.morrisons.com/products/old-westminster-pale-cream-480701011
fortified_and_other,70,Old Westminster Cream Fortified British Wine,3.99,0,0,,13,,https://groceries.morrisons.com/products/old-westminster-cream-fortified-british-wine-210635011
fortified_and_other,75,Cockburn's Fine Ruby Port,10.5,0,0,Portugal,19,NV,https://groceries.morrisons.com/products/cockburn-s-fine-ruby-port-210845011
fortified_and_other,75,Cornish Blackberry Mead,8.75,3,6,United Kingdom,17,NV,https://groceries.morrisons.com/products/cornish-blackberry-mead-303949011
fortified_and_other,70,Sanatogen Original Tonic Wine,5.75,4.5,2,,15,NV,https://groceries.morrisons.com/products/sanatogen-original-tonic-wine-211698011
fortified_and_other,75,Gonzalez Byass Tio Pepe Fino,11,0,0,Spain,15,NV,https://groceries.morrisons.com/products/gonzalez-byass-tio-pepe-fino-218059011
fortified_and_other,75,Taylor's Late Bottled Vintage Port,16,3.7,3,Portugal,20,2014,https://groceries.morrisons.com/products/taylor-s-late-bottled-vintage-port-211532011
fortified_and_other,75,Morrisons The Best LBV Port,11.5,3.5,4,Portugal,20,,https://groceries.morrisons.com/products/morrisons-the-best-lbv-port-217628011
