,name,wine_type,country,year,price,scaledprice,score,num_review,abv,size(cL),age,logprice
0,Modernist Pinot Noir 2020,Red,Germany,2020,11.99,11.99,3.7,234,12.5,75.0,2.0,1.0788191830988487
1,Brio Pinot Grigio 2021,White,Italy,2021,10.99,10.99,4.4,9,12.5,75.0,1.0,1.0409976924234905
2,Ripper Shiraz 2021,Red,Australia,2021,10.99,10.99,4.3,1138,14.0,75.0,1.0,1.0409976924234905
3,Senti Prosecco Extra Dry NV,Sparkling,Italy,Non Vintage,12.99,12.99,4.3,3167,11.0,75.0,,1.113609151073028
4,Billy Bosch Highwire Chenin Blanc 2021,White,South Africa,2021,10.99,10.99,4.2,1096,12.0,75.0,1.0,1.0409976924234905
5,The Black Pig McLaren Vale Shiraz 2019,Red,Australia,2019,13.99,13.99,4.6,3317,14.0,75.0,3.0,1.1458177144918276
6,Champagne Gremillet Brut Selection NV,Sparkling,France,Non Vintage,27.99,27.99,4.4,394,12.0,75.0,,1.4470028984661623
7,El Nubarron Carmenere 2021,Red,Chile,2021,10.99,10.99,4.2,150,13.5,75.0,1.0,1.0409976924234905
8,Savvie Marlborough Sauvignon Blanc 2021,White,New Zealand,2021,14.99,14.99,4.4,24,13.0,75.0,1.0,1.1758016328482794
9,Jose Rose 2021,Rose,Spain,2021,8.99,8.99,4.1,150,12.0,75.0,1.0,0.9537596917332288
10,Perez Cruz Single Vineyard La Higuera Block 2020,Red,Chile,2020,21.99,21.99,4.5,4156,13.5,75.0,2.0,1.3422252293607904
11,Senti Prosecco Rose Extra Dry NV,Sparkling,Italy,Non Vintage,14.99,14.99,4.4,257,11.0,75.0,,1.1758016328482794
12,Villa des Croix Picpoul de Pinet 2021,White,France,2021,14.99,14.99,0.0,1,12.5,75.0,1.0,1.1758016328482794
13,Black Flag Winemakers Old Vine Grenache 2018,Red,Australia,2018,25.99,25.99,4.5,49,14.0,75.0,4.0,1.4148062795010126
14,The Black Pig Sauvignon Blanc 2021,White,Australia,2021,12.99,12.99,4.4,4991,12.0,75.0,1.0,1.113609151073028
15,Gypsy Lee Rose White Zinfandel 2020,Rose,USA,2020,9.99,9.99,3.8,1594,11.0,75.0,2.0,0.9995654882259823
16,El Nubarron Semillon 2021,White,Chile,2021,10.99,10.99,4.1,82,12.0,75.0,1.0,1.0409976924234905
17,Hielo y Fuego Merlot 2021,Red,Chile,2021,10.99,10.99,3.9,1157,13.0,75.0,1.0,1.0409976924234905
18,Hummingbird Verdelho 2021,White,Australia,2021,9.99,9.99,4.2,2723,12.5,75.0,1.0,0.9995654882259823
19,Ombra Prosecco Frizzante NV,Sparkling,Italy,Non Vintage,12.99,12.99,4.1,710,11.0,75.0,,1.113609151073028
20,Domaine Giraud Chateauneuf-du-Pape 2020,Red,France,2020,37.99,37.99,4.0,9,15.5,75.0,2.0,1.5796692935547203
21,Kurt Angerer Kies Gruner Veltliner 2020,White,Austria,2020,13.99,13.99,4.0,55,13.0,75.0,2.0,1.1458177144918276
22,Depasso Nero d'Avola Leggermente Appassito 2020,Red,Italy,2020,14.99,14.99,4.4,1658,14.0,75.0,2.0,1.1758016328482794
23,The Black Pig Viognier 2021,White,Australia,2021,11.99,11.99,4.3,3168,13.5,75.0,1.0,1.0788191830988487
24,Les Arbousiers Coteaux du Languedoc Cinsault Grenache Rose 2020,Rose,France,2020,11.99,11.99,4.1,1454,13.5,75.0,2.0,1.0788191830988487
25,Louis Moreau Chablis 2019,White,France,2019,17.0,17.0,4.3,494,12.5,75.0,3.0,1.2304489213782739
26,Mercurey Les Bois de Lalier Jean-Baptiste Jessiaume 2020,White,France,2020,26.99,26.99,0.0,0,13.0,75.0,2.0,1.4312028845565166
27,The Benevolent Carmenere 2021,Red,Chile,2021,11.99,11.99,4.0,19,13.5,75.0,1.0,1.0788191830988487
28,Eghemon Passimiento 2020,Red,Italy,2020,15.99,15.99,4.6,1193,13.5,75.0,2.0,1.2038484637462348
29,Ali di Api Pinot Grigio 2021,White,Italy,2021,9.99,9.99,3.7,29,12.5,75.0,1.0,0.9995654882259823
30,Finca Manzanos Seleccion de la Familia Rioja Blanco 2020,White,Spain,2020,11.99,11.99,4.0,2314,12.5,75.0,2.0,1.0788191830988487
31,Quintas do Homem Domum Vinho Verde 2020,White,Portugal,2020,11.99,11.99,4.0,1363,12.0,75.0,2.0,1.0788191830988487
32,Les Arbousiers Reserve Coteaux du Languedoc 2020,Red,France,2020,11.99,11.99,4.0,1126,13.0,75.0,2.0,1.0788191830988487
33,Kraft des Landes Gruner Veltliner 2020,White,Austria,2020,13.99,13.99,4.2,65,12.5,75.0,2.0,1.1458177144918276
34,The Benevolent Cabernet Merlot Petit Verdot 2021,Red,Australia,2021,11.99,11.99,3.2,8,14.0,75.0,1.0,1.0788191830988487
35,Tall Gum Sauvignon Blanc 2021,White,Australia,2021,11.99,11.99,0.0,0,13.0,75.0,1.0,1.0788191830988487
36,Hattingley Valley Classic Reserve Brut NV,Sparkling,United Kingdom,Non Vintage,32.0,32.0,4.1,7,12.0,75.0,,1.505149978319906
37,The Cup & Rings Mencia 2016,Red,Spain,2016,14.99,14.99,0.0,1,13.0,75.0,6.0,1.1758016328482794
38,The Benevolent Pinot Grigio 2021,White,Chile,2021,11.99,11.99,4.5,20,9.5,75.0,1.0,1.0788191830988487
39,Albacore Reserve Shiraz 2020,Red,Australia,2020,12.99,12.99,4.4,3050,14.0,75.0,2.0,1.113609151073028
40,Weingut Langguth Enkircher Ellergrub Riesling Alte Reben 2020,White,Germany,2020,19.99,19.99,0.0,0,11.0,75.0,2.0,1.300812794118117
41,Litmus Element 20 2014,White,United Kingdom,2014,19.99,19.99,3.8,18,12.0,75.0,8.0,1.300812794118117
42,La Traversee 2018,Red,France,2018,29.99,29.99,4.6,97,14.0,75.0,4.0,1.476976465759527
43,Chateau Musar Hochar Pere et Fils 2018,Red,Lebanon,2018,17.99,17.99,4.3,45,14.0,75.0,4.0,1.2550311633455513
44,El Zumbido Viura 2021,White,Spain,2021,9.99,9.99,3.9,2345,12.0,75.0,1.0,0.9995654882259823
45,Bastions V Shiraz 2021,Red,South Africa,2021,10.99,10.99,4.2,1223,14.0,75.0,1.0,1.0409976924234905
46,Reserve de Millenaire Tete de Cuvee Bourgogne Blanc 2020,White,France,2020,11.99,11.99,3.8,402,13.0,75.0,2.0,1.0788191830988487
47,Finca Manzanos Seleccion de la Familia Rioja 2020,Red,Spain,2020,11.99,11.99,4.1,2939,13.5,75.0,2.0,1.0788191830988487
48,Ulrich Langguth Piesporter Goldtropfchen Trocken Grosses Gewachs 2018,White,Germany,2018,24.99,24.99,0.0,0,12.0,75.0,4.0,1.39776625612645
49,Tuffers' Tipple Without a Paddle Chardonnay 2021,White,Australia,2021,12.99,12.99,0.0,0,13.5,75.0,1.0,1.113609151073028
50,La Serena Gemini Brunello di Montalcino DOCG Riserva 2016,Red,Italy,2016,69.99,69.99,0.0,0,15.0,75.0,6.0,1.845035993513415
51,The Comeback Kid Langhorne Creek Cabernet 2020,Red,Australia,2020,16.99,16.99,4.4,54,14.5,75.0,2.0,1.2301933788690456
52,Black Flag Winemakers Adelaide Hills Chardonnay 2020,White,Australia,2020,16.99,16.99,4.1,63,13.0,75.0,2.0,1.2301933788690456
53,Three Gables Western Cape Cinsault Malbec 2021,Red,South Africa,2021,11.99,11.99,3.9,59,13.5,75.0,1.0,1.0788191830988487
54,Johann Wolf Pinot Gris 2020,White,Germany,2020,10.99,10.99,4.1,213,12.5,75.0,2.0,1.0409976924234905
55,Sherwood Estate Stratum Pinot Noir 2020,Red,New Zealand,2020,13.99,13.99,4.0,59,13.0,75.0,2.0,1.1458177144918276
56,Bendico Terre Siciliane Vermentino 2020,White,Italy,2020,9.99,9.99,4.1,602,12.5,75.0,2.0,0.9995654882259823
57,Hiestand Asia de Cuba Riesling NV,White,Germany,Non Vintage,14.99,14.99,4.2,265,10.5,75.0,,1.1758016328482794
58,Que Syrah Syrah 2020,Red,USA,2020,10.99,10.99,3.9,690,14.0,75.0,2.0,1.0409976924234905
59,Chateau Macquin St Georges St Emilion 2018,Red,France,2018,16.99,16.99,4.3,63,14.5,75.0,4.0,1.2301933788690456
60,Tuffers' Tipple Up The Creek Shiraz 2020,Red,Australia,2020,12.99,12.99,0.0,1,14.0,75.0,2.0,1.113609151073028
61,La Serena Rosso di Montalcino DOC 2018,Red,Italy,2018,19.99,19.99,0.0,0,14.0,75.0,4.0,1.300812794118117
62,Seraph Sauvignon Blanc 2020,White,France,2020,11.99,11.99,3.9,2251,12.0,75.0,2.0,1.0788191830988487
63,Pizo Carinena 2021,Red,Spain,2021,9.99,9.99,4.1,2231,14.0,75.0,1.0,0.9995654882259823
64,Chateau Dereszla Furmint Dry 2019,White,Hungary,2019,11.99,11.99,4.1,82,12.0,75.0,3.0,1.0788191830988487
65,Billy Bosch Semillon 2021,White,South Africa,2021,9.99,9.99,4.2,774,13.0,75.0,1.0,0.9995654882259823
66,Vashon Estate Cabernet Sauvignon Merlot 2021,Red,Australia,2021,10.99,10.99,4.2,506,14.0,75.0,1.0,1.0409976924234905
67,Mountain View Marlborough Sauvignon Blanc 2020,White,New Zealand,2020,13.99,13.99,4.2,226,9.5,75.0,2.0,1.1458177144918276
68,Targa Rioja Organic Tempranillo Garnacha 2020,Red,Spain,2020,16.99,16.99,4.2,474,13.5,75.0,2.0,1.2301933788690456
69,Perez Cruz Cabernet Sauvignon Reserva 2018,Red,Chile,2018,13.99,13.99,4.3,1826,13.5,75.0,4.0,1.1458177144918276
70,Pizo Garnacha Blanca 2020,White,Spain,2020,10.99,10.99,3.9,309,13.0,75.0,2.0,1.0409976924234905
71,Champagne Laurent Perrier La Cuvee NV,Sparkling,France,Non Vintage,43.99,43.99,4.6,161,12.0,75.0,,1.643353961976863
72,Chateau de Lancyre La Rouviere Pic St Loup Blanc 2019,White,France,2019,14.99,14.99,4.1,22,13.5,75.0,3.0,1.1758016328482794
73,5OS Project Nero Blend 2018,Red,Australia,2018,16.99,16.99,4.4,48,14.5,75.0,4.0,1.2301933788690456
74,Peter-Jakob Kuhn Rheinschiefer Hallgartgen Riesling Trocken 2019,White,Germany,2019,21.99,21.99,4.4,17,12.0,75.0,3.0,1.3422252293607904
75,5oS Project McLaren Vale Shiraz Roussanne 2018,Red,Australia,2018,19.99,19.99,4.8,11,14.5,75.0,4.0,1.300812794118117
76,Kir Yianni Assyrtiko 2020,White,Greece,2020,14.99,14.99,4.3,32,13.0,75.0,2.0,1.1758016328482794
77,Olivier Leflaive Pernand-Vergelesses Rouge 2020,Red,France,2020,34.99,34.99,0.0,0,13.5,75.0,2.0,1.5439439424829065
78,Domaine des Deux Roches Saint Veran Rives de Longsault 2019,White,France,2019,23.99,23.99,0.0,0,13.5,75.0,3.0,1.3800302479678306
79,Le Zeitgeist Grenache Syrah 2021,Red,France,2021,10.99,10.99,0.0,0,13.0,75.0,1.0,1.0409976924234905
80,Abel Mendoza Rioja DOCa Jarrarte Blanco 2021,White,Spain,2021,15.99,15.99,0.0,0,14.0,75.0,1.0,1.2038484637462348
81,Capcanes Sense Cap DO Cava NV,Sparkling,Spain,Non Vintage,14.99,14.99,0.0,0,11.5,75.0,,1.1758016328482794
82,Capcanes Mas Torto Garnacha 2020,Red,Spain,2020,24.99,24.99,0.0,0,11.5,75.0,2.0,1.39776625612645
83,De Martino Enigma 10 Special Edition 2021,Red,Chile,2021,19.99,19.99,0.0,0,14.0,75.0,1.0,1.300812794118117
84,Magic & Bird Padthaway Shiraz 2021,Red,Australia,2021,16.99,16.99,0.0,2,14.0,75.0,1.0,1.2301933788690456
85,Revino Montepulciano d'Abruzzo 2020,Red,Italy,2020,10.99,10.99,2.2,25,13.0,75.0,2.0,1.0409976924234905
86,Rustle & Hustle Wine Co. Langhorne Creek Shiraz 2021,Red,Australia,2021,11.99,11.99,4.2,12,14.5,75.0,1.0,1.0788191830988487
87,The Pullhams Bin 22 Barossa Valley Shiraz 2022,Red,Australia,2022,19.99,19.99,4.6,92,14.0,75.0,0.0,1.300812794118117
88,Vat 39 Clare Valley Shiraz Viognier 2019,Red,Australia,2019,17.99,17.99,4.5,30,14.0,75.0,3.0,1.2550311633455513
89,Le Plaisir Blanc Roger Sabon Vin de France 2021,White,France,2021,14.99,14.99,0.0,0,13.5,75.0,1.0,1.1758016328482794
90,Penombre Reserve Cinsault Vieilles Vignes 2021,Red,France,2021,15.99,15.99,0.0,3,14.0,75.0,1.0,1.2038484637462348
91,Xavier Vignon 80 Year Old Mourvedre 2015,Red,France,2015,21.99,21.99,0.0,0,15.0,75.0,7.0,1.3422252293607904
92,Debut Chateauneuf-du-Pape 2018,Red,France,2018,29.99,29.99,0.0,0,15.0,75.0,4.0,1.476976465759527
93,Xavier Vignon 80 Year Old Grenache NV,Red,France,Non Vintage,21.99,21.99,0.0,2,15.0,75.0,,1.3422252293607904
94,Le Sabounet Roger Sabon Vin de France 2021,Red,France,2021,14.99,14.99,0.0,0,14.0,75.0,1.0,1.1758016328482794
95,Twin Pass Swartland Viognier 2021,White,South Africa,2021,12.99,12.99,3.7,18,14.0,75.0,1.0,1.113609151073028
96,Black Flag Winemakers Red Blend 2018,Red,Australia,2018,18.99,18.99,0.0,1,14.5,75.0,4.0,1.2785249647370176
97,Crowded Hour Shiraz 2018,Red,Australia,2018,15.99,15.99,0.0,0,15.0,75.0,4.0,1.2038484637462348
98,Vanguard Perdeberg Cabernet Merlot 2021,Red,South Africa,2021,12.99,12.99,4.0,20,14.5,75.0,1.0,1.113609151073028
99,El Nubarron Pinot Noir 2021,Red,Chile,2021,11.99,11.99,0.0,0,12.5,75.0,1.0,1.0788191830988487
100,Ovington's Swartland Chardonnay 2021,White,South Africa,2021,9.99,9.99,3.8,17,12.5,75.0,1.0,0.9995654882259823
101,Hielo y Fuego Malbec 2021,Red,Chile,2021,10.99,10.99,0.0,2,13.0,75.0,1.0,1.0409976924234905
102,Weingut Brundlmayer Kamptal DAC Gruner Veltliner Terrassen 2021,White,Austria,2021,19.99,19.99,0.0,0,12.0,75.0,1.0,1.300812794118117
103,Domaine Billaud-Simon Chablis Grand Cru Valmur 2020,White,France,2020,89.99,89.99,0.0,0,13.5,75.0,2.0,1.9541942518158624
104,T754 Shiraz Malbec 2021,Red,South Africa,2021,10.99,10.99,0.0,4,13.5,75.0,1.0,1.0409976924234905
105,Bodegas Luis Gurpegui Muga 50 Year Old Vine Garnacha 2020,Red,Spain,2020,19.99,19.99,0.0,0,13.5,75.0,2.0,1.300812794118117
106,Schola Sarmenti Antieri Susumaniello IGT Salento 2020,Red,Italy,2020,16.99,16.99,0.0,0,15.0,75.0,2.0,1.2301933788690456
107,Weingut Brundlmayer Kamptal DAC Riesling Terrassen 2021,White,Austria,2021,19.99,19.99,0.0,0,12.0,75.0,1.0,1.300812794118117
108,Weingut Wittmann Kirschpiel Riesling Grosses Gewachs 2018,White,Germany,2018,54.99,54.99,0.0,0,12.5,75.0,4.0,1.7402837196818792
109,Champagne J.M.Gobillard et Fils Brut Rose NV,Sparkling,France,Non Vintage,34.99,34.99,4.5,11,12.5,75.0,,1.5439439424829065
110,Loom SV McLaren Vale Grenache 2018,Red,Australia,2018,24.99,24.99,0.0,5,14.0,75.0,4.0,1.39776625612645
111,McGuigan Zero Chardonnay Alcohol Free NV,Low / Alcohol Free Wines,Australia,Non Vintage,5.0,5.0,2.9,58,0.0,75.0,,0.6989700043360189
112,McGuigan Zero Rose Alcohol Free NV,Low / Alcohol Free Wines,Australia,Non Vintage,5.0,5.0,4.0,49,0.0,75.0,,0.6989700043360189
113,McGuigan Zero Shiraz Alcohol Free NV,Low / Alcohol Free Wines,Australia,Non Vintage,5.0,5.0,2.8,57,0.0,75.0,,0.6989700043360189
114,Krug Grande Cuvee 170th Edition NV,Sparkling,France,Non Vintage,182.0,182.0,0.0,0,12.5,75.0,,2.2600713879850747
115,Three Gables Winemaker's Reserve Chenin Blanc 2021,White,South Africa,2021,10.99,10.99,4.1,996,13.0,75.0,1.0,1.0409976924234905
116,Domaine la Bouissieres Beaumes de Venise 2020,Red,France,2020,18.99,18.99,4.8,14,15.0,75.0,2.0,1.2785249647370176
117,Domaine la Bouissieres Gigondas 2020,Red,France,2020,24.99,24.99,0.0,5,15.0,75.0,2.0,1.39776625612645
118,5OS Project Tempranillo Blend 2018,Red,Australia,2018,21.99,21.99,4.3,9,14.0,75.0,4.0,1.3422252293607904
119,Famille Perrin Nature Cotes du Rhone 2020,Red,France,2020,15.99,15.99,3.9,23,14.5,75.0,2.0,1.2038484637462348
120,Cascina Adelaide Barolo DOCG Fossati 2017,Red,Italy,2017,54.99,54.99,4.2,6,14.5,75.0,5.0,1.7402837196818792
121,The Watchmakers Tourbillion Reserve Malbec 2021,Red,Argentina,2021,11.99,11.99,4.3,836,14.0,75.0,1.0,1.0788191830988487
122,La Fama Winemakers Reserve Malbec 2021,Red,Chile,2021,11.99,11.99,4.2,643,13.0,75.0,1.0,1.0788191830988487
123,Vitalita delle Venezie DOC Pinot Grigio 2021,White,Italy,2021,10.99,10.99,3.9,111,12.0,75.0,1.0,1.0409976924234905
124,Baixa Sirena DO Rias Baixas Albarino 2021,White,Spain,2021,15.99,15.99,4.7,6,12.5,75.0,1.0,1.2038484637462348
125,Tuffers' Tipple The D Blanquette de Limoux NV,Sparkling,France,Non Vintage,11.99,11.99,0.0,1,12.0,75.0,,1.0788191830988487
126,Santenay 1er Cru Clos Rousseau Jean-Baptiste Jessiaume 2019,Red,France,2019,39.99,39.99,0.0,0,13.0,75.0,3.0,1.6019514041335217
127,Volnay Jean-Baptiste Jessiaume 2019,Red,France,2019,39.99,39.99,0.0,0,13.0,75.0,3.0,1.6019514041335217
128,Monos Locos Merlot 2021,Red,Chile,2021,9.99,9.99,4.2,22,13.0,75.0,1.0,0.9995654882259823
129,De Martino Nuevo Mundo Organic Cabernet Sauvignon 2021,Red,Chile,2021,15.99,15.99,3.7,24,13.5,75.0,1.0,1.2038484637462348
130,De Martino Nuevo Mundo Organic Sauvignon Blanc 2021,White,Chile,2021,15.99,15.99,3.8,34,13.0,75.0,1.0,1.2038484637462348
131,Monte Bernardi Sa'Etta Chianti Classico Riserva 2018,Red,Italy,2018,34.99,34.99,0.0,1,13.5,75.0,4.0,1.5439439424829065
132,Three Gables Dry Farm Swartland Cabernet Sauvignon 2021,Red,South Africa,2021,9.99,9.99,4.1,95,13.0,75.0,1.0,0.9995654882259823
133,Tall Gum Reserve Tempranillo 2021,Red,Australia,2021,10.99,10.99,4.3,38,14.0,75.0,1.0,1.0409976924234905
134,Julien Barthazac Cremant de Bordeaux NV,Sparkling,France,Non Vintage,14.99,14.99,0.0,4,12.0,75.0,,1.1758016328482794
135,Black Flag Winemakers McLaren Vale Preservative Free Shiraz 2020,Red,Australia,2020,14.99,14.99,0.0,2,14.5,75.0,2.0,1.1758016328482794
136,The Vinitor Chardonnay 2020,White,USA,2020,11.99,11.99,3.7,14,13.5,75.0,2.0,1.0788191830988487
137,Trois Calices Essentiel 2020,White,France,2020,10.99,10.99,4.1,388,11.5,75.0,2.0,1.0409976924234905
138,Domaine Giraud Lirac 2019,Red,France,2019,17.99,17.99,4.1,19,15.0,75.0,3.0,1.2550311633455513
139,Adega Ponte da Boga DO Ribeira Sacra Godello 2019,White,Spain,2019,14.99,14.99,4.3,7,13.0,75.0,3.0,1.1758016328482794
140,Domaine Giraud Chateauneuf-du-Pape Les Grenaches de Pierre 2019,Red,France,2019,66.49,66.49,0.0,2,15.5,75.0,3.0,1.8227563329513907
141,Black Garden Langhorne Creek Shiraz 2020,Red,Australia,2020,14.99,14.99,4.3,69,14.5,75.0,2.0,1.1758016328482794
142,Don Q Tempranillo Cabernet 2020,Red,Spain,2020,10.99,10.99,3.5,11,13.0,75.0,2.0,1.0409976924234905
143,Pensamiento DO Toro Roble 2019,Red,Spain,2019,13.99,13.99,4.2,47,13.5,75.0,3.0,1.1458177144918276
144,Julg Sonnenberg ‘WB’ Spatburgunder 2019,Red,Germany,2019,34.99,34.99,0.0,1,13.5,75.0,3.0,1.5439439424829065
145,Two Kings Adelaide Hills Chardonnay 2021,White,Australia,2021,15.99,15.99,4.2,86,13.0,75.0,1.0,1.2038484637462348
146,Schloss Lieser Niederberg Helden Grosses Gewachs 2020,White,Germany,2020,39.99,39.99,0.0,0,12.5,75.0,2.0,1.6019514041335217
147,Ziereisen Rhini Spatburgunder 2018,Red,Germany,2018,34.99,34.99,0.0,0,12.5,75.0,4.0,1.5439439424829065
148,Schafer-Frohlich Stromberg Grosses Gewachs 2020,White,Germany,2020,59.99,59.99,0.0,0,12.5,75.0,2.0,1.778078861937455
149,Wild Elevation Malbec 2021,Red,Argentina,2021,15.99,15.99,4.3,223,14.0,75.0,1.0,1.2038484637462348
150,Ripper Tempranillo 2021,Red,Australia,2021,10.99,10.99,4.3,145,14.0,75.0,1.0,1.0409976924234905
151,Domaine les Herbes Blanches Ventoux 2020,Red,France,2020,14.99,14.99,4.3,110,14.5,75.0,2.0,1.1758016328482794
152,Chateau Pertignas Bordeaux 2020,Red,France,2020,10.99,10.99,3.4,8,14.0,75.0,2.0,1.0409976924234905
153,Bodegas Emilio Moro DO Ribera del Duero 2018,Red,Spain,2018,22.99,22.99,0.0,3,14.5,75.0,4.0,1.361538971269279
154,The Ol' Grafter Clare Valley Shiraz Cabernet 2018,Red,Australia,2018,16.99,16.99,4.4,20,14.0,75.0,4.0,1.2301933788690456
155,La Sirene Cuvee St Georges Grenache 2020,Red,France,2020,13.99,13.99,4.3,40,13.5,75.0,2.0,1.1458177144918276
156,Three Gables Swartland Marsanne 2021,White,South Africa,2021,10.99,10.99,4.2,27,13.0,75.0,1.0,1.0409976924234905
157,Three Gables Tannat Tempranillo Tinta Amarela 2020,Red,South Africa,2020,11.99,11.99,4.2,12,14.5,75.0,2.0,1.0788191830988487
158,Ovingtons Muscat 2021,White,South Africa,2021,9.99,9.99,3.1,74,11.0,75.0,1.0,0.9995654882259823
159,Finca La Zulema Malbec 2021,Red,Argentina,2021,14.99,14.99,4.3,15,14.5,75.0,1.0,1.1758016328482794
160,Misty Cove Estate Marlborough Sauvignon Blanc 2021,White,New Zealand,2021,12.99,12.99,4.4,22,13.0,75.0,1.0,1.113609151073028
161,Mount Fishtail Marlborough Sauvignon Blanc 2021,White,New Zealand,2021,12.99,12.99,4.3,24,13.0,75.0,1.0,1.113609151073028
162,The Cup & Rings Godello 2016,White,Spain,2016,11.99,11.99,4.0,12,13.0,75.0,6.0,1.0788191830988487
163,Billy Bosch Paarl Cabernet Sauvignon 2020,Red,South Africa,2020,10.99,10.99,4.3,58,14.5,75.0,2.0,1.0409976924234905
164,Three Gables Paarl Chenin Blanc 2021,White,South Africa,2021,10.99,10.99,4.0,60,13.5,75.0,1.0,1.0409976924234905
165,Depasso Riserva Nero d'Avola Leggermente Appassito 2018,Red,Italy,2018,17.99,17.99,4.6,139,14.0,75.0,4.0,1.2550311633455513
166,Ripper Reserve Pinot Gris 2021,White,Australia,2021,12.99,12.99,4.1,110,12.5,75.0,1.0,1.113609151073028
167,The Comeback Kid Reserve McLaren Vale Shiraz 2019,Red,Australia,2019,17.99,17.99,4.0,52,14.0,75.0,3.0,1.2550311633455513
168,Albacore Reserve Adelaide Hills Chardonnay 2021,White,Australia,2021,16.99,16.99,4.1,53,13.0,75.0,1.0,1.2301933788690456
169,T203 Single Site Shiraz Cabernet 2021,Red,South Africa,2021,9.99,9.99,4.0,142,14.5,75.0,1.0,0.9995654882259823
170,Ripper Pinot Grigio 2021,White,Australia,2021,9.99,9.99,4.5,111,13.0,75.0,1.0,0.9995654882259823
171,Three Gables Reserve Swartland Chenin Marsanne Grenache Blanc 2021,White,South Africa,2021,10.99,10.99,4.3,52,12.5,75.0,1.0,1.0409976924234905
172,1749 Chinon 2020,Red,France,2020,11.99,11.99,4.2,6,13.5,75.0,2.0,1.0788191830988487
173,Le Vendangeoir Saint Nicolas de Bourgueil 2020,Red,France,2020,13.99,13.99,0.0,2,12.5,75.0,2.0,1.1458177144918276
174,Kahaka Marlborough Sauvignon Blanc 2021,White,New Zealand,2021,14.99,14.99,4.3,26,13.0,75.0,1.0,1.1758016328482794
175,Les Perruches Vouvray Demi Sec 2020,White,France,2020,13.99,13.99,4.3,15,12.5,75.0,2.0,1.1458177144918276
176,1749 Muscadet 2020,White,France,2020,11.99,11.99,4.7,25,11.5,75.0,2.0,1.0788191830988487
177,Pouilly Fuisse Domain Damien Martin 2020,White,France,2020,22.99,22.99,4.6,8,13.0,75.0,2.0,1.361538971269279
178,Saint Veran Les Grands Cras Domaine Damien Martin 2019,White,France,2019,23.99,23.99,0.0,2,13.0,75.0,3.0,1.3800302479678306
179,Domaine Billaud-Simon Chablis 1er Cru Vaillons 2020,White,France,2020,49.99,49.99,0.0,1,13.5,75.0,2.0,1.6988831367525903
180,Finca Allende Rioja Tinto 2014,Red,Spain,2014,25.99,25.99,0.0,4,13.5,75.0,8.0,1.4148062795010126
181,Macon Verze Domaine Damien Martin 2020,White,France,2020,19.99,19.99,0.0,2,13.0,75.0,2.0,1.300812794118117
182,Saint Veran Les Maillettes Domaine Damien Martin 2020,White,France,2020,19.99,19.99,0.0,3,13.0,75.0,2.0,1.300812794118117
183,Domaine Francine & Olivier Savary Chablis 2019,White,France,2019,19.99,19.99,4.2,40,12.5,75.0,3.0,1.300812794118117
184,La Pinede Ventoux 2020,Red,France,2020,13.99,13.99,4.1,73,14.5,75.0,2.0,1.1458177144918276
185,Sestosenso Grillo 2020,White,Italy,2020,12.99,12.99,3.2,53,13.0,75.0,2.0,1.113609151073028
186,Three Gables Winemaker's Chardonnay Viognier 2021,White,South Africa,2021,9.99,9.99,3.8,106,13.0,75.0,1.0,0.9995654882259823
187,Tall Gum Mount Benson Pinot Gris 2021,White,Australia,2021,12.99,12.99,4.1,60,12.5,75.0,1.0,1.113609151073028
188,Chateau Puy Razac Saint Emilion Grand Cru 2018,Red,France,2018,19.99,19.99,0.0,4,14.0,75.0,4.0,1.300812794118117
189,5oS Project Old Vine Co. Shiraz Grenache 2019,Red,Australia,2019,24.99,24.99,0.0,2,14.5,75.0,3.0,1.39776625612645
190,Ripper Reserve Adelaide Hills Chardonnay 2021,White,Australia,2021,11.99,11.99,3.8,43,13.0,75.0,1.0,1.0788191830988487
191,Elbo Organic Tempranillo 2019,Red,Spain,2019,13.99,13.99,3.7,71,14.5,75.0,3.0,1.1458177144918276
192,Mahaut Coteaux Varois en Provence Rose 2020,Rose,France,2020,12.99,12.99,4.1,16,13.0,75.0,2.0,1.113609151073028
193,La Penombre Reserve Lesquerde 2019,Red,France,2019,14.99,14.99,4.4,24,14.5,75.0,3.0,1.1758016328482794
194,Reservoir Hogs Adelaide Hills Sauvignon Blanc 2021,White,Australia,2021,13.99,13.99,4.0,61,12.0,75.0,1.0,1.1458177144918276
195,Albacore Reserve Adelaide Hills Sauvignon Blanc 2021,White,Australia,2021,13.99,13.99,4.3,70,12.0,75.0,1.0,1.1458177144918276
196,Pizo Old Vine Carinena 2020,Red,Spain,2020,11.99,11.99,4.2,87,14.0,75.0,2.0,1.0788191830988487
197,Loom SV Sangiovese 2016,Red,Australia,2016,16.99,16.99,0.0,1,14.0,75.0,6.0,1.2301933788690456
198,Familiar Vinho Regional Lisboa Tinto 2021,Red,Portugal,2021,10.99,10.99,4.1,197,13.0,75.0,1.0,1.0409976924234905
199,Domaine de Bonserine Cote Rotie La Sarrasine 2018,Red,France,2018,49.99,49.99,0.0,0,14.0,75.0,4.0,1.6988831367525903
200,Pierre Sourdais Chinon Tradition 2019,Red,France,2019,12.99,12.99,3.5,6,12.5,75.0,3.0,1.113609151073028
201,Ripper Reserve Adelaide Hills Sauvignon Blanc 2021,White,Australia,2021,11.99,11.99,4.0,108,11.5,75.0,1.0,1.0788191830988487
202,Tall Gum Reserve Adelaide Hills Sauvignon Blanc 2021,White,Australia,2021,11.99,11.99,4.0,45,11.5,75.0,1.0,1.0788191830988487
203,De Martino Estate 25th Anniversary Carmenere 2019,Red,Chile,2019,21.99,21.99,4.4,44,13.0,75.0,3.0,1.3422252293607904
204,Nadia's Pure Perdeberg Shiraz Malbec 2020,Red,South Africa,2020,9.99,9.99,4.0,563,14.5,75.0,2.0,0.9995654882259823
205,The Vinitor Pinot Noir 2020,Red,USA,2020,11.99,11.99,3.7,44,13.5,75.0,2.0,1.0788191830988487
206,Between Bridges Merlot 2020,Red,Romania,2020,9.99,9.99,4.0,624,13.5,75.0,2.0,0.9995654882259823
207,Les Trois Calices Gros Manseng Sauvignon Blanc 2020,White,France,2020,9.99,9.99,4.4,68,12.5,75.0,2.0,0.9995654882259823
208,Domaine Chavet Menetou Salon Rouge 2020,Red,France,2020,16.99,16.99,0.0,2,14.5,75.0,2.0,1.2301933788690456
209,La Penombre Reserve Pinot Noir Tete de Cuvee 2020,Red,France,2020,14.99,14.99,4.2,51,13.0,75.0,2.0,1.1758016328482794
210,Domaine de la Semellerie Chinon Rouge 2020,Red,France,2020,10.99,10.99,3.9,7,13.0,75.0,2.0,1.0409976924234905
211,Ungrafted Itata Old Vine Cinsault 2020,Red,Chile,2020,14.99,14.99,0.0,4,13.5,75.0,2.0,1.1758016328482794
212,Lergenmuller Pinot Noir Trocken 2019,Red,Germany,2019,13.99,13.99,4.2,12,13.5,75.0,3.0,1.1458177144918276
213,Campo Bonito Blanco 2020,White,Spain,2020,9.99,9.99,3.9,173,12.0,75.0,2.0,0.9995654882259823
214,Lergenmuller Dornfelder Trocken 2018,Red,Germany,2018,12.99,12.99,0.0,5,13.0,75.0,4.0,1.113609151073028
215,Champagne Louis Roederer Collection 242 NV,Sparkling,France,Non Vintage,52.0,52.0,0.0,0,12.0,75.0,,1.7160033436347992
216,L'Artisan Grenache Syrah 2020,Red,France,2020,9.99,9.99,4.2,196,13.5,75.0,2.0,0.9995654882259823
217,Rippasimento 2020,Red,Australia,2020,10.99,10.99,4.4,196,14.5,75.0,2.0,1.0409976924234905
218,De Martino Old Vine Series Las Olvidadas 2019,Red,Chile,2019,29.99,29.99,0.0,0,13.0,75.0,3.0,1.476976465759527
219,Domaine Baillie Giral Grenache Noir 2020,Red,France,2020,12.99,12.99,4.6,40,14.5,75.0,2.0,1.113609151073028
220,Le Pont de Diable Syrah Grenache 2021,Red,France,2021,10.99,10.99,4.2,222,13.0,75.0,1.0,1.0409976924234905
221,The Intrepid Bear Reserve Zinfandel 2020,Red,USA,2020,11.99,11.99,3.8,89,13.5,75.0,2.0,1.0788191830988487
222,Ungrafted Itata Old Vine Dry Muscat 2020,White,Chile,2020,14.99,14.99,0.0,3,13.0,75.0,2.0,1.1758016328482794
223,Cascading Cloud Shiraz Malbec 2021,Red,South Africa,2021,10.99,10.99,4.0,157,14.0,75.0,1.0,1.0409976924234905
224,Curious Parallel Feteasca Neagra 2020,Red,Romania,2020,9.99,9.99,4.0,223,13.5,75.0,2.0,0.9995654882259823
225,Chateau Tournebrise Lalande-De-Pomerol 2019,Red,France,2019,19.99,19.99,4.7,7,14.0,75.0,3.0,1.300812794118117
226,Ulrich Langguth Riesling Auslese Harmonie 2019,White,Germany,2019,24.99,24.99,0.0,2,8.0,75.0,3.0,1.39776625612645
227,Equipo Navazos La Bota 99 Florpower Single Vineyard 2019,Sherry,Spain,2019,26.99,26.99,0.0,0,11.5,75.0,3.0,1.4312028845565166
228,5OS Project Pinot Noir 2019,Red,Australia,2019,17.99,17.99,0.0,3,13.0,75.0,3.0,1.2550311633455513
229,Tall Gum Reserve Grenache Shiraz Mataro 2020,Red,Australia,2020,16.99,16.99,4.1,45,14.5,75.0,2.0,1.2301933788690456
230,Chateau Grand Moulinet Pomerol 2018,Red,France,2018,29.99,29.99,0.0,1,14.5,75.0,4.0,1.476976465759527
231,Paul Hobbs Sonoma Coast Crossbarn Pinot Noir 2018,Red,USA,2018,37.99,37.99,0.0,3,15.0,75.0,4.0,1.5796692935547203
232,Bogle Vineyards Old Vine Zinfandel 2018,Red,USA,2018,17.99,17.99,4.6,14,14.5,75.0,4.0,1.2550311633455513
233,Coastal Vines Brut Cuvee NV,Sparkling,USA,Non Vintage,12.99,12.99,3.6,22,12.0,75.0,,1.113609151073028
234,Paul Hobbs Sonoma Coast Crossbarn Chardonnay 2019,White,USA,2019,29.99,29.99,0.0,3,14.0,75.0,3.0,1.476976465759527
235,Black Flag Winemakers McLaren Vale Malbec Durif 2017,Red,Australia,2017,21.99,21.99,4.1,44,14.0,75.0,5.0,1.3422252293607904
236,Chateau Bernot Blanc 2020,White,France,2020,11.99,11.99,3.8,18,11.5,75.0,2.0,1.0788191830988487
237,Curious Parallel Feteasca Regala 2020,White,Romania,2020,9.99,9.99,3.9,158,11.5,75.0,2.0,0.9995654882259823
238,Tuffers' Tipple Margaret River Shiraz 2019,Red,Australia,2019,18.99,18.99,3.9,42,14.5,75.0,3.0,1.2785249647370176
239,MLBC Earth & Sun Malbec 2021,Red,Argentina,2021,11.99,11.99,4.3,404,14.0,75.0,1.0,1.0788191830988487
240,Tuffers' Tipple Margaret River Sauvignon Blanc 2021,White,Australia,2021,11.99,11.99,3.7,46,12.5,75.0,1.0,1.0788191830988487
241,Chateau Bernot Rose 2020,Rose,France,2020,11.99,11.99,4.4,26,13.5,75.0,2.0,1.0788191830988487
242,Tuffers' Tipple Gascogne Sauvignon Blanc 2020,White,France,2020,11.99,11.99,3.9,48,12.5,75.0,2.0,1.0788191830988487
243,Tuffers' Tipple GSM 2020,Red,France,2020,12.99,12.99,3.5,49,14.0,75.0,2.0,1.113609151073028
244,Tuffers' Tipple Oaked Tempranillo 2019,Red,Spain,2019,12.99,12.99,3.8,40,13.0,75.0,3.0,1.113609151073028
245,Le Zeitgeist Grenache Mourvedre 2020,Red,France,2020,10.99,10.99,4.0,152,14.0,75.0,2.0,1.0409976924234905
246,Tuffers' Tipple Bacchus 2020,White,United Kingdom,2020,11.99,11.99,3.9,25,11.0,75.0,2.0,1.0788191830988487
247,Black Flag Winemakers Mount Gambier Sauvignon Blanc 2020,White,Australia,2020,13.99,13.99,3.8,25,12.5,75.0,2.0,1.1458177144918276
248,Chateau Teyssier Pezat Bordeaux Blanc 2019,White,France,2019,12.99,12.99,4.1,7,13.0,75.0,3.0,1.113609151073028
249,Chateau Teyssier Pezat Bordeaux Superieur 2018,Red,France,2018,14.99,14.99,3.9,11,15.0,75.0,4.0,1.1758016328482794
250,Equipo Navazos La Bota 92 Palo Cortado 'Pata de Gallina' NV,Sherry,Spain,Non Vintage,54.99,82.485,0.0,0,20.5,50.0,,1.9163749787375604
251,Equipo Navazos La Bota 95 Amontillado NV,Sherry,Spain,Non Vintage,49.99,49.99,0.0,0,18.5,75.0,,1.6988831367525903
252,Marsc Wine Company Margaret River Sauvignon Blanc Semillon 2020,White,Australia,2020,13.99,13.99,3.9,51,13.0,75.0,2.0,1.1458177144918276
253,Zafferino Pinot Grigio 2021,White,Italy,2021,9.99,9.99,4.6,12,12.5,75.0,1.0,0.9995654882259823
254,Domaine La Haute Fevrie Clos de la Fevrie Muscadet Sevre et Maine Sur Lie 2020,White,France,2020,13.99,13.99,4.6,19,12.0,75.0,2.0,1.1458177144918276
255,Tenuta Scopetani Chianti 2018,Red,Italy,2018,15.99,15.99,3.8,40,13.0,75.0,4.0,1.2038484637462348
256,Black Flag Winemakers Langhorne Creek Adelaide Hills Shiraz Pinot Noir 2018,Red,Australia,2018,12.99,12.99,4.3,80,14.5,75.0,4.0,1.113609151073028
257,Bodegas Hidalgo La Gitana En Rama Spring 2021 Release NV,Sherry,Spain,Non Vintage,16.99,16.99,0.0,0,15.0,75.0,,1.2301933788690456
258,L'Olivette Colombard Sauvignon 2020,White,France,2020,11.99,11.99,3.9,21,11.5,75.0,2.0,1.0788191830988487
259,Henners Foxearle English Sparkling Brut 2016,Sparkling,United Kingdom,2016,39.99,39.99,4.5,22,12.5,75.0,6.0,1.6019514041335217
260,Alchemy 50 Year Old Vine Carignan 2019,Red,France,2019,13.99,13.99,4.0,20,14.0,75.0,3.0,1.1458177144918276
261,La Sirene Grenache Mourvedre 2020,Red,France,2020,10.99,10.99,4.2,106,14.0,75.0,2.0,1.0409976924234905
262,Castelbarco Parziale Appassimento 2019,Red,Italy,2019,16.99,16.99,4.5,183,13.5,75.0,3.0,1.2301933788690456
263,Les Trois Calices Grenache Mourvedre 2020,Red,France,2020,10.99,10.99,4.0,82,14.0,75.0,2.0,1.0409976924234905
264,Powers Champoux Vineyard Reserve Cabernet Sauvignon 2016,Red,USA,2016,24.5,24.5,4.2,9,14.0,75.0,6.0,1.3891660843645324
265,Charles Smith Velvet Devil Merlot 2018,Red,USA,2018,16.99,16.99,4.2,13,13.5,75.0,4.0,1.2301933788690456
266,Cascadia Yakima Valley Syrah 2020,Red,USA,2020,14.99,14.99,4.2,26,14.5,75.0,2.0,1.1758016328482794
267,Three Gables Western Cape Colombard 2020,White,South Africa,2020,10.99,10.99,4.0,122,13.0,75.0,2.0,1.0409976924234905
268,Three Gables Swartland Grenache Blanc 2020,White,South Africa,2020,11.99,11.99,4.0,163,13.5,75.0,2.0,1.0788191830988487
269,Black Flag Winemakers Limestone Coast Shiraz Cabernet 2018,Red,Australia,2018,14.99,14.99,3.9,35,14.5,75.0,4.0,1.1758016328482794
270,Charles Smith Eve Chardonnay 2019,White,USA,2019,16.99,16.99,4.2,10,13.5,75.0,3.0,1.2301933788690456
271,Black Flag Winemakers McLaren Vale Barossa Nero Barbera Touriga 2019,Red,Australia,2019,19.99,19.99,3.6,9,14.0,75.0,3.0,1.300812794118117
272,Black Flag Winemakers McLaren Vale Cabernet Sagrantino 2018,Red,Australia,2018,15.99,15.99,3.5,11,14.0,75.0,4.0,1.2038484637462348
273,Alemany I Corrio Principia Mathematica DO Penedes 2019,White,Spain,2019,19.99,19.99,4.0,7,12.5,75.0,3.0,1.300812794118117
274,Alemany I Corrio Cargol Treu Vi DO Penedes 2019,White,Spain,2019,24.99,24.99,0.0,3,12.5,75.0,3.0,1.39776625612645
275,Domaine Bernard Metrat Fleurie La Roilette Vieilles Vignes 2019,Red,France,2019,17.99,17.99,4.2,12,13.0,75.0,3.0,1.2550311633455513
276,Les Arbousiers Reserve Rose 2020,Rose,France,2020,11.99,11.99,4.3,109,12.5,75.0,2.0,1.0788191830988487
277,Monte Bernardi Retromarcia Chianti Classico 2020,Red,Italy,2020,19.99,19.99,4.0,10,13.5,75.0,2.0,1.300812794118117
278,Domaine La Haute Fevrie Chateau Thebaud Muscadet Sevre et Maine 2016,White,France,2016,15.99,15.99,4.3,9,12.0,75.0,6.0,1.2038484637462348
279,Perez Cruz Winemaker's Selection 2020,Red,Chile,2020,21.99,21.99,4.5,5012,13.5,75.0,2.0,1.3422252293607904
280,Un-named White Blend 2019,White,South Africa,2019,15.99,15.99,0.0,5,13.5,75.0,3.0,1.2038484637462348
281,Scavi & Ray Alcohol Free Sparkling NV,Low / Alcohol Free Wines,Italy,Non Vintage,8.99,8.99,4.5,11,0.1,75.0,,0.9537596917332288
282,Arid Valley White 2019,White,South Africa,2019,15.99,15.99,3.8,18,13.5,75.0,3.0,1.2038484637462348
283,Wild Crush Palomino 2020,White,South Africa,2020,11.99,11.99,4.0,16,12.5,75.0,2.0,1.0788191830988487
284,El Nubarron Sauvignon Blanc 2021,White,Chile,2021,11.99,11.99,4.1,250,13.0,75.0,1.0,1.0788191830988487
285,El Sabio Sauvignon Blanc 2021,White,Chile,2021,9.99,9.99,4.1,364,12.0,75.0,1.0,0.9995654882259823
286,L'Ornato Appassimento 2019,Red,Italy,2019,16.99,16.99,4.5,646,13.5,75.0,3.0,1.2301933788690456
287,The Black Pig The Prize Shiraz 2020,Red,Australia,2020,19.99,19.99,4.7,3659,14.5,75.0,2.0,1.300812794118117
288,16 Little Black Pigs Cabernet Sauvignon 2020,Red,Australia,2020,10.99,10.99,4.4,2925,14.0,75.0,2.0,1.0409976924234905
289,Blackfoot Daisy Pinot Grigio 2021,White,Australia,2021,10.99,10.99,4.2,1655,12.0,75.0,1.0,1.0409976924234905
290,Beneficio Winemakers Selection McLaren Vale Grenache Shiraz 2019,Red,Australia,2019,19.99,19.99,4.5,2025,14.0,75.0,3.0,1.300812794118117
291,Champagne Moet & Chandon Brut Imperial NV,Sparkling,France,Non Vintage,42.99,42.99,4.3,74,12.0,75.0,,1.633367445117007
292,El Sabio Carmenere 2021,Red,Chile,2021,10.99,10.99,4.1,1135,13.0,75.0,1.0,1.0409976924234905
293,El Sabio Pinot Noir 2021,Red,Chile,2021,11.99,11.99,4.1,346,12.5,75.0,1.0,1.0788191830988487
294,16 Little Black Pigs Shiraz 2020,Red,Australia,2020,10.99,10.99,4.4,7538,14.0,75.0,2.0,1.0409976924234905
295,Champagne Laurent Perrier Cuvee Rose Brut NV,Sparkling,France,Non Vintage,63.99,63.99,4.9,68,12.0,75.0,,1.8061121101690911
296,Champagne Bollinger Special Cuvee Brut NV,Sparkling,France,Non Vintage,50.0,50.0,4.8,63,12.0,75.0,,1.6989700043360187
297,Ripper Chardonnay 2021,White,Australia,2021,9.99,9.99,4.1,544,13.0,75.0,1.0,0.9995654882259823
298,Billy Bosch Paarl Pinotage 2021,Red,South Africa,2021,10.99,10.99,4.2,1706,14.0,75.0,1.0,1.0409976924234905
299,Chateau du Seuil Graves Blanc 2018,White,France,2018,13.99,13.99,3.9,360,12.0,75.0,4.0,1.1458177144918276
300,Kirriemuir Reserve Adelaide Hills Chardonnay 2021,White,Australia,2021,12.99,12.99,4.1,596,12.5,75.0,1.0,1.113609151073028
301,El Nubarron Cabernet Sauvignon 2021,Red,Chile,2021,11.99,11.99,4.1,701,13.0,75.0,1.0,1.0788191830988487
302,Baciato Appassimento Negroamaro 2020,Red,Italy,2020,14.99,14.99,4.3,1918,14.0,75.0,2.0,1.1758016328482794
303,Beneficio Winemakers Selection Sauvignon Blanc 2021,White,Australia,2021,13.99,13.99,4.3,2685,12.0,75.0,1.0,1.1458177144918276
304,Champagne Pierre Gimonnet Cuis 1er Cru Brut Blanc de Blancs NV,Sparkling,France,Non Vintage,35.99,35.99,4.5,15,12.5,75.0,,1.5561818466529111
305,Castillo de Anna Gran Reserva 2014,Red,Spain,2014,10.99,10.99,3.9,4140,14.0,75.0,8.0,1.0409976924234905
306,Billy Bosch Reserve Merlot 2021,Red,South Africa,2021,10.99,10.99,4.3,1971,14.0,75.0,1.0,1.0409976924234905
307,Prodezza Prosecco Brut NV,Sparkling,Italy,Non Vintage,12.99,12.99,4.3,1063,11.0,75.0,,1.113609151073028
308,Dragon Hills Pinot Grigio 2020,White,Romania,2020,9.99,9.99,4.1,2187,12.0,75.0,2.0,0.9995654882259823
309,Aguila Chillando Tempranillo 2020,Red,Spain,2020,8.99,8.99,4.1,1322,14.0,75.0,2.0,0.9537596917332288
310,Condes de Valencia Gran Seleccion 2015,Red,Spain,2015,10.99,10.99,4.1,3868,14.0,75.0,7.0,1.0409976924234905
311,Cave de Turckheim Pinot Gris Sables et Galets 2019,White,France,2019,14.99,14.99,4.0,197,13.5,75.0,3.0,1.1758016328482794
312,Belmonte Marlborough Pinot Gris 2021,White,New Zealand,2021,15.99,15.99,4.2,121,13.5,75.0,1.0,1.2038484637462348
313,De Martino Ladera Reserva 2020,Red,Chile,2020,19.99,19.99,4.2,1392,14.0,75.0,2.0,1.300812794118117
314,Schola Sarmenti Cubardi Primitivo IGT Salento 2019,Red,Italy,2019,19.99,19.99,4.6,678,15.0,75.0,3.0,1.300812794118117
315,Black Flag Winemakers Shiraz Touriga 2018,Red,Australia,2018,15.99,15.99,4.2,81,14.5,75.0,4.0,1.2038484637462348
316,Black Flag Winemakers Chardonnay 2018,White,Australia,2018,11.99,11.99,4.2,115,13.5,75.0,4.0,1.0788191830988487
317,Black Flag Winemakers Cooler Chardonnay 2019,White,Australia,2019,16.99,16.99,3.8,29,13.0,75.0,3.0,1.2301933788690456
318,John Forrest Collection Gimblett Gravels Cabernet Sauvignon 2016,Red,New Zealand,2016,27.99,27.99,4.3,7,14.0,75.0,6.0,1.4470028984661623
319,Belmonte Chenin Blanc 2021,White,New Zealand,2021,15.99,15.99,4.2,41,12.5,75.0,1.0,1.2038484637462348
320,John Forrest Collection Gimblett Gravels Syrah 2015,Red,New Zealand,2015,27.99,27.99,4.7,10,14.0,75.0,7.0,1.4470028984661623
321,Penombre Rose 2021,Rose,France,2021,12.99,12.99,4.3,154,12.5,75.0,1.0,1.113609151073028
322,Just the Juice Vermentino 2021,White,Italy,2021,9.99,9.99,4.0,592,12.5,75.0,1.0,0.9995654882259823
323,De Martino Single Vineyard Carmenere Alto de Piedras Magnum 2018,Red,Chile,2018,49.99,24.995,0.0,1,14.0,150.0,4.0,1.397853141088609
324,Locos Muertos by Seb De Martino Cabernet Sauvignon 2019,Red,Chile,2019,12.99,12.99,3.9,210,13.5,75.0,3.0,1.113609151073028
325,Isla de Maipo No Added Sulphites Cabernet Sauvignon 2019,Red,Chile,2019,7.99,7.99,3.7,80,14.0,75.0,3.0,0.9025467793139914
326,Les Arbousiers Trio 2020,White,France,2020,10.99,10.99,4.1,628,11.5,75.0,2.0,1.0409976924234905
327,Hambledon Vineyards Premier Cuvee Brut NV,Sparkling,United Kingdom,Non Vintage,46.0,46.0,0.0,3,12.0,75.0,,1.662757831681574
328,Hambledon Vineyards Classic Cuvee Brut Rose NV,Sparkling,United Kingdom,Non Vintage,36.0,36.0,0.0,4,12.0,75.0,,1.5563025007672873
329,Coterie Red 2019,Red,South Africa,2019,12.99,12.99,4.1,20,14.0,75.0,3.0,1.113609151073028
330,Wildeberg Terroir Sauvignon Blanc 2019,White,South Africa,2019,12.99,12.99,4.2,8,14.0,75.0,3.0,1.113609151073028
331,The Black Pig Adelaide Hills Chardonnay 2020,White,Australia,2020,12.99,12.99,4.1,71,13.0,75.0,2.0,1.113609151073028
332,The Craftsmen Barbera 2021,Red,South Africa,2021,10.99,10.99,3.9,176,14.0,75.0,1.0,1.0409976924234905
333,The Long Way Round Semillon 2020,White,Chile,2020,10.99,10.99,3.9,174,13.5,75.0,2.0,1.0409976924234905
334,El Sabio Malbec 2021,Red,Chile,2021,10.99,10.99,4.3,292,13.5,75.0,1.0,1.0409976924234905
335,Wayfare Margaret River White Blend 2019,White,Australia,2019,12.99,12.99,3.9,50,12.0,75.0,3.0,1.113609151073028
336,Fritz Muller Zero Alcohol Frizzante NV,Low / Alcohol Free Wines,Germany,Non Vintage,10.99,10.99,0.0,5,0.0,75.0,,1.0409976924234905
337,Love by Leoube Organic Cotes de Provence 2020,Rose,France,2020,15.99,15.99,4.3,23,13.0,75.0,2.0,1.2038484637462348
338,Domaine de la Vallee des Grives Valreas Cotes du Rhone Villages 2017,Red,France,2017,13.99,13.99,4.2,49,14.0,75.0,5.0,1.1458177144918276
339,La Mechita Familia Zuccardi Malbec 2020,Red,Argentina,2020,12.99,12.99,4.1,397,14.0,75.0,2.0,1.113609151073028
340,Abel Mendoza Rioja DOCa Garnacha Blanca 2019,White,Spain,2019,26.99,26.99,0.0,1,13.5,75.0,3.0,1.4312028845565166
341,Three Gables Winemaker's Reserve Shiraz 2021,Red,South Africa,2021,11.99,11.99,4.1,149,14.5,75.0,1.0,1.0788191830988487
342,Vigna Nostra Appassimento 2020,Red,Italy,2020,16.99,16.99,4.5,514,14.5,75.0,2.0,1.2301933788690456
343,REAL Kombucha Dry Dragon NV,Low / Alcohol Free Wines,United Kingdom,Non Vintage,8.99,8.99,3.8,26,0.5,75.0,,0.9537596917332288
344,REAL Kombucha Royal Flush NV,Low / Alcohol Free Wines,United Kingdom,Non Vintage,8.99,8.99,4.1,32,0.5,75.0,,0.9537596917332288
345,El Sabio Pinot Grigio 2021,White,Chile,2021,9.99,9.99,3.9,240,9.5,75.0,1.0,0.9995654882259823
346,Bodegas Gratias Maximas Bobal 2016,Red,Spain,2016,15.99,15.99,0.0,5,14.5,75.0,6.0,1.2038484637462348
347,Bodegas Gratias Got Bobal 2019,Red,Spain,2019,11.99,11.99,3.0,8,14.0,75.0,3.0,1.0788191830988487
348,Le Zeitgeist Trident 2020,White,France,2020,11.99,11.99,4.1,254,11.5,75.0,2.0,1.0788191830988487
349,Florel Vat 18 Reserve Malbec 2021,Red,Argentina,2021,13.99,13.99,4.2,213,14.0,75.0,1.0,1.1458177144918276
350,Nadia's Pure Reserve Shiraz Cabernet 2020,Red,South Africa,2020,10.99,10.99,4.0,242,14.5,75.0,2.0,1.0409976924234905
351,Isaac Cantalapiedra Cantayano Verdejo 2020,White,Spain,2020,16.99,16.99,3.6,10,13.5,75.0,2.0,1.2301933788690456
352,Sherwood Estate Stratum Chardonnay 2021,White,New Zealand,2021,15.99,15.99,0.0,5,14.0,75.0,1.0,1.2038484637462348
353,Community.Co Zero Alcohol Sparkling White NV,Low / Alcohol Free Wines,Germany,Non Vintage,5.49,5.49,4.1,35,0.0,75.0,,0.7395723444500919
354,Familia Zuccardi Aluvional Los Chacayes Malbec 2016,Red,Argentina,2016,64.99,64.99,0.0,1,14.5,75.0,6.0,1.8128465369670712
355,Vina Albali De-Alcoholised Sauvignon Blanc 2020,Low / Alcohol Free Wines,Spain,2020,5.49,5.49,3.1,38,0.5,75.0,2.0,0.7395723444500919
356,Vina Albali  De-Alcoholised Cabernet Sauvignon Tempranillo 2019,Low / Alcohol Free Wines,Spain,2019,5.49,5.49,2.8,48,0.5,75.0,3.0,0.7395723444500919
357,Heinrichshof Schlossberg Trocken Riesling 2020,White,Germany,2020,16.99,16.99,3.9,7,12.5,75.0,2.0,1.2301933788690456
358,Community.Co Zero Alcohol Sparkling Rose NV,Low / Alcohol Free Wines,Germany,Non Vintage,5.49,5.49,4.2,30,0.0,75.0,,0.7395723444500919
359,Bodegas Tierra Rioja Blanco 2019,White,Spain,2019,14.99,14.99,4.3,23,13.5,75.0,3.0,1.1758016328482794
360,5oS Project Cult Cave Shiraz 2019,Red,Australia,2019,17.99,17.99,3.6,59,14.0,75.0,3.0,1.2550311633455513
361,5OS Project Malbec Durif 2019,Red,Australia,2019,24.99,24.99,4.1,27,14.0,75.0,3.0,1.39776625612645
362,Hambledon Vineyards Classic Cuvee Brut NV,Sparkling,United Kingdom,Non Vintage,30.0,30.0,4.2,10,12.0,75.0,,1.4771212547196624
363,Compadre Shiraz Malbec 2021,Red,Argentina,2021,10.99,10.99,3.8,119,12.5,75.0,1.0,1.0409976924234905
364,Fincas del Sur Malbec 2021,Red,Argentina,2021,13.99,13.99,4.3,183,14.5,75.0,1.0,1.1458177144918276
365,Vitalita Falanghina 2020,White,Italy,2020,9.99,9.99,4.1,368,13.0,75.0,2.0,0.9995654882259823
366,Le Zeitgeist Sauvignon Blanc 2021,White,France,2021,11.99,11.99,4.1,635,11.5,75.0,1.0,1.0788191830988487
367,Ulrich Langguth Riesling Rennaisance Hochgewachs Feinherb 2018,White,Germany,2018,13.49,13.49,4.2,23,11.0,75.0,4.0,1.1300119496719043
368,Equipo Navazos La Bota no. 93 Manzanilla NV,Sherry,Spain,Non Vintage,32.99,32.99,0.0,0,15.0,75.0,,1.518382315545344
369,Digby Fine English Brut NV,Sparkling,United Kingdom,Non Vintage,32.99,32.99,4.0,7,12.0,75.0,,1.518382315545344
370,Digby Leander Pink NV,Sparkling,United Kingdom,Non Vintage,34.99,34.99,4.1,7,12.0,75.0,,1.5439439424829065
371,Las Campanitas Tempranillo 2018,Red,Spain,2018,10.99,10.99,4.0,644,13.0,75.0,4.0,1.0409976924234905
372,Billy Bosch Chenin Blanc Grenache Blanc 2020,White,South Africa,2020,9.99,9.99,4.0,348,12.5,75.0,2.0,0.9995654882259823
373,Bastions V Chenin Blanc Grenache Blanc 2020,White,South Africa,2020,9.99,9.99,4.0,303,12.5,75.0,2.0,0.9995654882259823
374,Mountain View Marlborough Pinot Noir 2019,Red,New Zealand,2019,12.99,12.99,3.7,59,9.5,75.0,3.0,1.113609151073028
375,Tatty Bogler Waitaki Pinot Noir 2018,Red,New Zealand,2018,24.99,24.99,4.6,26,13.0,75.0,4.0,1.39776625612645
376,Sherwood Estate Stratum Riesling 2020,White,New Zealand,2020,14.99,14.99,3.9,32,11.0,75.0,2.0,1.1758016328482794
377,The Black Pig Sauvignon Blanc Magnum 2019,White,Australia,2019,27.99,13.995,4.6,115,12.0,150.0,3.0,1.1459729028021812
378,L'Impression VDF White Blend 2020,White,France,2020,12.99,12.99,4.0,455,13.0,75.0,2.0,1.113609151073028
379,Sherwood Estate Stratum Pinot Gris 2020,White,New Zealand,2020,14.99,14.99,4.2,23,14.0,75.0,2.0,1.1758016328482794
380,Wild Crush Torch Lily Swartland Shiraz 2019,Red,South Africa,2019,10.99,10.99,4.0,59,14.0,75.0,3.0,1.0409976924234905
381,Wild Crush Num Num Shiraz 2019,Red,South Africa,2019,10.99,10.99,3.4,78,12.5,75.0,3.0,1.0409976924234905
382,Wild Crush Devil's Claw Coastal Blend 2018,Red,South Africa,2018,13.99,13.99,3.6,25,13.5,75.0,4.0,1.1458177144918276
383,De Martino Tres Volcanes 2017,White,Chile,2017,24.99,24.99,0.0,3,13.5,75.0,5.0,1.39776625612645
384,De Martino Vigno Carignan 2019,Red,Chile,2019,29.99,29.99,0.0,2,14.0,75.0,3.0,1.476976465759527
385,Sherwood Estate Stratum Waipara Valley Sauvignon Blanc 2021,White,New Zealand,2021,12.99,12.99,4.3,413,12.5,75.0,1.0,1.113609151073028
386,Domaine Baumard Savennières Clos St Yves 2018,White,France,2018,29.99,29.99,0.0,4,13.0,75.0,4.0,1.476976465759527
387,B Francois Sparkling NV,Sparkling,France,Non Vintage,14.99,14.99,4.0,37,12.0,75.0,,1.1758016328482794
388,Castillo de Logrono Familia Manzanos Barrica Rioja Blanco 2020,White,Spain,2020,19.99,19.99,4.1,517,12.5,75.0,2.0,1.300812794118117
389,Abel Mendoza Rioja DOCa Jarrarte 2019,Red,Spain,2019,13.99,13.99,3.8,19,13.5,75.0,3.0,1.1458177144918276
390,Adega Ponte da Boga DO Ribeira Sacra Mencia 2018,Red,Spain,2018,12.99,12.99,3.7,15,13.0,75.0,4.0,1.113609151073028
391,Chateau La Raze Beauvallet Medoc Cru Bourgeois 2016,Red,France,2016,15.99,15.99,4.0,25,13.0,75.0,6.0,1.2038484637462348
392,Abel Mendoza Rioja DOCa Viura 2018,White,Spain,2018,27.99,27.99,0.0,4,14.5,75.0,4.0,1.4470028984661623
393,La Serena Brunello di Montalcino DOCG 2017,Red,Italy,2017,39.99,39.99,4.3,13,14.5,75.0,5.0,1.6019514041335217
394,Tall Gum Chardonnay Semillon 2021,White,Australia,2021,9.99,9.99,4.0,647,13.0,75.0,1.0,0.9995654882259823
395,Billy Bosch Highwire Shiraz 2021,Red,South Africa,2021,10.99,10.99,4.2,1011,14.5,75.0,1.0,1.0409976924234905
396,Villa Wolf Gewurztraminer 2020,White,Germany,2020,12.99,12.99,4.1,66,12.0,75.0,2.0,1.113609151073028
397,La Costaiola Pinot Nero 2019,Red,Italy,2019,13.99,13.99,3.9,37,12.5,75.0,3.0,1.1458177144918276
398,Gunderloch Fritz Riesling 2020,White,Germany,2020,14.99,14.99,4.2,39,11.5,75.0,2.0,1.1758016328482794
399,Schnaitmann Simonroth Lemberger 2018,Red,Germany,2018,26.99,26.99,0.0,5,13.0,75.0,4.0,1.4312028845565166
400,Pablo Claro Tempranillo 2020,Red,Spain,2020,10.99,10.99,4.0,188,14.0,75.0,2.0,1.0409976924234905
401,Heranca Ruby Port NV,Fortified,Portugal,Non Vintage,17.99,17.99,4.3,134,20.0,75.0,,1.2550311633455513
402,Locos Muertos by Seb De Martino 2021,Red,Chile,2021,14.99,14.99,4.2,503,14.0,75.0,1.0,1.1758016328482794
403,Penombre Blanc 2020,White,France,2020,12.99,12.99,4.2,206,12.5,75.0,2.0,1.113609151073028
404,Capcanes Sense Cap 2019,Red,Spain,2019,12.99,12.99,4.0,92,14.0,75.0,3.0,1.113609151073028
405,Capcanes La Nit de les Garnatxes Clay 2018,Red,Spain,2018,16.99,16.99,4.4,39,14.5,75.0,4.0,1.2301933788690456
406,Capcanes La Nit de les Garnatxes Limestone 2018,Red,Spain,2018,16.99,16.99,4.4,35,14.5,75.0,4.0,1.2301933788690456
407,Lianto Primitivo 2019,Red,Italy,2019,11.99,11.99,4.1,126,13.0,75.0,3.0,1.0788191830988487
408,Paul Hobbs Napa Valley Crossbarn Cabernet Sauvignon 2018,Red,USA,2018,45.99,45.99,0.0,1,15.0,75.0,4.0,1.6626634095740376
409,Las Campanas Seleccion Especial 2018,Red,Spain,2018,13.99,13.99,4.0,230,13.5,75.0,4.0,1.1458177144918276
410,Les Hautes Terrasses Cotes du Rhone 2020,Red,France,2020,11.99,11.99,4.1,679,14.0,75.0,2.0,1.0788191830988487
411,5OS Project McLaren Vale Shiraz Touriga 2018,Red,Australia,2018,19.99,19.99,4.5,33,14.5,75.0,4.0,1.300812794118117
412,Bodegas Hidalgo Napolean Amontillado Seco NV,Sherry,Spain,Non Vintage,13.99,20.985,3.1,9,17.5,50.0,,1.321908973547509
413,Ulrich Langguth Riesling Spatlese Piesporter Goldtropfchen 2018,White,Germany,2018,19.99,19.99,4.3,32,9.0,75.0,4.0,1.300812794118117
414,VAT 52 Reserve Barossa Valley Shiraz 2022,Red,Australia,2022,19.99,19.99,4.6,506,14.5,75.0,0.0,1.300812794118117
415,Trabajemos Organic Tempranillo 2020,Red,Spain,2020,14.99,14.99,4.2,789,13.5,75.0,2.0,1.1758016328482794
416,Trabajemos Organic Mezcla Tinta 2020,Red,Spain,2020,12.99,12.99,4.0,322,13.5,75.0,2.0,1.113609151073028
417,Domaine de L'Ermitage Menetou Salon Blanc 2020,White,France,2020,16.99,16.99,4.1,28,14.0,75.0,2.0,1.2301933788690456
418,Les Arbousiers Reserve Pinot Noir Rose Magnum 2018,Rose,France,2018,24.99,12.495,4.2,38,13.0,150.0,4.0,1.0967362604624689
419,Vigne Sannite Greco 2020,White,Italy,2020,11.99,11.99,4.1,34,12.0,75.0,2.0,1.0788191830988487
420,Cuvee de L'Aubade Cotes de Provence 2021,Rose,France,2021,13.99,13.99,4.5,289,13.0,75.0,1.0,1.1458177144918276
421,Florel Reserve Malbec 2021,Red,Argentina,2021,11.99,11.99,4.2,1249,14.0,75.0,1.0,1.0788191830988487
422,Lof Cabernet Sauvignon 2018,Red,Chile,2018,17.99,17.99,4.4,20,13.0,75.0,4.0,1.2550311633455513
423,Altolandon Mil Historias Organic Syrah 2019,Red,Spain,2019,13.99,13.99,4.0,25,14.0,75.0,3.0,1.1458177144918276
424,Bodegas Amaren Rioja Reserva 2010,Red,Spain,2010,35.99,35.99,4.7,23,14.5,75.0,12.0,1.5561818466529111
425,De Martino Niebla Chardonnay 2020,White,Chile,2020,13.99,13.99,3.9,86,13.0,75.0,2.0,1.1458177144918276
426,Perez Cruz Syrah Reserva Limited Edition 2019,Red,Chile,2019,17.99,17.99,4.4,141,14.5,75.0,3.0,1.2550311633455513
427,Perez Cruz Liguai 2018,Red,Chile,2018,28.99,28.99,4.7,101,14.5,75.0,4.0,1.4622482153549974
428,Veuve Clicquot Ponsardin Vintage Brut 2012,Sparkling,France,2012,63.99,63.99,5.0,10,12.0,75.0,10.0,1.8061121101690911
429,Finca Los Principes Rioja Reserva 2016,Red,Spain,2016,15.99,15.99,4.3,185,13.5,75.0,6.0,1.2038484637462348
430,Le Zeitgeist Malbec 2021,Red,France,2021,9.99,9.99,4.0,196,13.0,75.0,1.0,0.9995654882259823
431,El Cabanero Garnacha Rosado Magnum 2018,Rose,Spain,2018,19.99,9.995,4.1,75,11.5,150.0,4.0,0.9997827984541358
432,Casal Sobreiro Tinto NV,Red,Portugal,Non Vintage,9.99,9.99,4.0,734,13.0,75.0,,0.9995654882259823
433,Bastions V Merlot 2021,Red,South Africa,2021,11.99,11.99,4.0,233,14.0,75.0,1.0,1.0788191830988487
434,L'Emigre Blanc 2020,White,France,2020,15.99,15.99,4.0,403,13.0,75.0,2.0,1.2038484637462348
435,Champagne Gaston Declos Brut NV,Sparkling,France,Non Vintage,32.99,32.99,4.3,456,12.0,75.0,,1.518382315545344
436,Astro Costera Cabernet Sauvignon 2021,Red,Chile,2021,10.99,10.99,4.1,439,13.0,75.0,1.0,1.0409976924234905
437,Black Flag Winemakers McLaren Vale Durif Blend 2016,Red,Australia,2016,16.99,16.99,4.3,81,14.5,75.0,6.0,1.2301933788690456
438,Clos du Gaimont Vouvray Sec 2020,White,France,2020,14.99,14.99,4.1,167,14.0,75.0,2.0,1.1758016328482794
439,The Intrepid Bear 'Brown Bear' Reserve Pinot Noir 2020,Red,USA,2020,11.99,11.99,3.9,2715,13.5,75.0,2.0,1.0788191830988487
440,The Black Pig The Prize Chardonnay 2021,White,Australia,2021,19.99,19.99,4.4,1209,13.0,75.0,1.0,1.300812794118117
441,De Martino Single Vineyard Las Cruces 2018,Red,Chile,2018,29.99,29.99,4.4,19,13.5,75.0,4.0,1.476976465759527
442,Thistledown Thorny Devil Barossa Valley Old Vine Grenache 2020,Red,Australia,2020,16.99,16.99,4.5,29,14.5,75.0,2.0,1.2301933788690456
443,Thistledown Suilven Adelaide Hills Chardonnay 2018,White,Australia,2018,41.99,41.99,0.0,2,12.5,75.0,4.0,1.6231458746379397
444,Monos Locos Cabernet Sauvignon 2021,Red,Chile,2021,9.99,9.99,4.0,491,13.0,75.0,1.0,0.9995654882259823
445,Uggiano Lucere Chianti DOCG 2020,Red,Italy,2020,11.99,11.99,3.9,249,13.0,75.0,2.0,1.0788191830988487
446,Cederberg Sauvignon Blanc 2020,White,South Africa,2020,14.99,14.99,4.2,72,13.0,75.0,2.0,1.1758016328482794
447,Capcanes Cabrida Garnacha 2016,Red,Spain,2016,32.99,32.99,3.5,6,15.0,75.0,6.0,1.518382315545344
448,Finca Los Principes La Canada Rioja 2019,Red,Spain,2019,10.99,10.99,4.1,502,13.5,75.0,3.0,1.0409976924234905
449,Johner Gladstone Sauvignon Blanc 2020,White,New Zealand,2020,19.99,19.99,4.4,35,13.0,75.0,2.0,1.300812794118117
450,Cirque de Navacelles Reserve d'Heric 2020,Red,France,2020,9.99,9.99,4.0,960,14.0,75.0,2.0,0.9995654882259823
451,5OS Project McLaren Vale Grenache 2018,Red,Australia,2018,15.99,15.99,4.6,27,14.0,75.0,4.0,1.2038484637462348
452,Du Clos Rocher de Vierge Vieilles Vignes 2019,Red,France,2019,13.99,13.99,3.8,330,14.0,75.0,3.0,1.1458177144918276
453,Champagne Vilmart Grand Cellier d'Or 2015,Sparkling,France,2015,59.99,59.99,0.0,4,12.5,75.0,7.0,1.778078861937455
454,Magnifica Coteaux du Languedoc 2020,Red,France,2020,12.99,12.99,3.8,289,14.0,75.0,2.0,1.113609151073028
455,Riecine Chianti Classico 2018,Red,Italy,2018,22.99,22.99,3.9,21,14.0,75.0,4.0,1.361538971269279
456,Finca Los Principes El Rihuelo Rioja 2019,Red,Spain,2019,12.99,12.99,4.2,1394,13.5,75.0,3.0,1.113609151073028
457,Les Arbousiers Syrah Grenache 2020,Red,France,2020,9.99,9.99,4.1,435,13.5,75.0,2.0,0.9995654882259823
458,5OS Project Sagrantino 2017,Red,Australia,2017,13.99,13.99,3.9,9,14.0,75.0,5.0,1.1458177144918276
459,Belmonte Marlborough Albarino 2020,White,New Zealand,2020,15.99,15.99,4.3,44,13.0,75.0,2.0,1.2038484637462348
460,Mountain View Marlborough Rose 2020,Rose,New Zealand,2020,13.99,13.99,4.2,90,9.5,75.0,2.0,1.1458177144918276
461,Domaine de la Berthete Clement V Cotes du Rhone 2020,Red,France,2020,13.99,13.99,4.1,192,14.5,75.0,2.0,1.1458177144918276
462,Thistledown Vagabond McLaren Vale Old Vine Grenache 2019,Red,Australia,2019,19.99,19.99,0.0,4,14.5,75.0,3.0,1.300812794118117
463,Finca Manzanos Rioja Rosado 2020,Rose,Spain,2020,11.99,11.99,4.0,171,13.0,75.0,2.0,1.0788191830988487
464,Domaine la Cabotte Cotes du Rhone Villages Massif d'Uchaux 2019,Red,France,2019,13.99,13.99,3.5,12,14.0,75.0,3.0,1.1458177144918276
465,De Martino Lote 25 Maipo Valley Cabernet Sauvignon 2019,Red,Chile,2019,10.99,10.99,4.1,81,13.5,75.0,3.0,1.0409976924234905
466,De Martino Lote 96 Maipo Valley Carmenere 2019,Red,Chile,2019,10.99,10.99,4.1,109,13.5,75.0,3.0,1.0409976924234905
467,De Martino Lote 02 Limari Valley Pinot Noir 2020,Red,Chile,2020,10.99,10.99,3.9,106,13.5,75.0,2.0,1.0409976924234905
468,De Martino Single Vineyard La Cancha 2016,Red,Chile,2016,24.99,24.99,0.0,5,13.0,75.0,6.0,1.39776625612645
469,Reino de Altuzarra Navarra Crianza 2018,Red,Spain,2018,11.99,11.99,4.1,332,13.5,75.0,4.0,1.0788191830988487
470,De Martino Lote 03 Limari Valley Chardonnay 2018,White,Chile,2018,10.99,10.99,3.8,84,13.5,75.0,4.0,1.0409976924234905
471,De Martino Viejas Tinajas Cinsault 2018,Red,Chile,2018,15.99,15.99,3.2,16,12.5,75.0,4.0,1.2038484637462348
472,Trimbach Pinot Noir Reserve 2020,Red,France,2020,18.99,18.99,4.3,43,14.0,75.0,2.0,1.2785249647370176
473,Kuehn Alsace Muscat 2019,White,France,2019,13.99,13.99,4.1,57,12.5,75.0,3.0,1.1458177144918276
474,Trimbach Riesling 2018,White,France,2018,16.99,16.99,4.1,57,13.0,75.0,4.0,1.2301933788690456
475,Brio Montepulciano d'Abruzzo 2021,Red,Italy,2021,10.99,10.99,3.8,1702,12.5,75.0,1.0,1.0409976924234905
476,Senorio de Algas Gran Reserva 2015,Red,Spain,2015,11.99,11.99,4.0,1516,13.5,75.0,7.0,1.0788191830988487
477,Torre Aguila Gran Reserva 2015,Red,Spain,2015,12.99,12.99,3.9,2821,13.5,75.0,7.0,1.113609151073028
478,Kirriemuir Semillon Chardonnay 2021,White,Australia,2021,10.99,10.99,3.9,966,12.0,75.0,1.0,1.0409976924234905
479,Pieropan La Rocca Soave Classico 2019,White,Italy,2019,33.99,33.99,0.0,5,13.0,75.0,3.0,1.5313511645830598
480,Pablo Claro Garnacha 2020,Red,Spain,2020,10.99,10.99,3.9,91,13.5,75.0,2.0,1.0409976924234905
481,Clos de St Felix Cuvee Sauvage 2020,Red,France,2020,12.99,12.99,4.0,491,14.0,75.0,2.0,1.113609151073028
482,Perez Cruz Limited Edition Carmenere 2019,Red,Chile,2019,17.99,17.99,4.5,230,14.0,75.0,3.0,1.2550311633455513
483,Le Fils Prodigue Carmenere Cabernet Sauvignon Graves AOC 2016,Red,France,2016,29.99,29.99,4.6,13,13.5,75.0,6.0,1.476976465759527
484,Just the Juice Dry Riesling 2020,White,Germany,2020,13.99,13.99,4.1,246,13.5,75.0,2.0,1.1458177144918276
485,Marchesi di Gresy Martinenga Barbaresco DOCG 2016,Red,Italy,2016,59.99,59.99,0.0,5,14.5,75.0,6.0,1.778078861937455
486,Corvezzo Prosecco DOC Treviso Organic Extra Dry NV,Sparkling,Italy,Non Vintage,14.99,14.99,4.4,207,11.5,75.0,,1.1758016328482794
487,Domaine Michel Girard Sancerre Rouge 2020,Red,France,2020,19.99,19.99,4.2,105,13.5,75.0,2.0,1.300812794118117
488,Ca' de Monaci Lambrusco Salamino DOC NV,Sparkling,Italy,Non Vintage,9.99,9.99,4.1,62,8.0,75.0,,0.9995654882259823
489,Pizo Crianza 2018,Red,Spain,2018,11.99,11.99,4.1,1099,13.5,75.0,4.0,1.0788191830988487
490,Aguila Chillando Garnacha Tempranillo 2020,Red,Spain,2020,9.99,9.99,4.0,1698,14.0,75.0,2.0,0.9995654882259823
491,Brio Soave DOC 2020,White,Italy,2020,9.99,9.99,3.9,1368,11.5,75.0,2.0,0.9995654882259823
492,Pizo Gran Reserva 2015,Red,Spain,2015,13.99,13.99,4.2,1722,13.5,75.0,7.0,1.1458177144918276
493,Reino de Altuzarra Navarra Reserva 2013,Red,Spain,2013,14.99,14.99,4.1,555,13.5,75.0,9.0,1.1758016328482794
494,Bastions V Sauvignon Blanc 2021,White,South Africa,2021,10.99,10.99,4.1,827,13.0,75.0,1.0,1.0409976924234905
495,Bastions V Semillon 2021,White,South Africa,2021,10.99,10.99,4.1,696,13.0,75.0,1.0,1.0409976924234905
496,Juan de Juanes Garnacha Tempranillo Syrah 2020,Red,Spain,2020,9.99,9.99,4.0,1001,13.5,75.0,2.0,0.9995654882259823
497,Aguila Chillando Garnacha 2020,Red,Spain,2020,9.99,9.99,4.0,1114,14.5,75.0,2.0,0.9995654882259823
498,Finca Los Principes Rioja Crianza 2018,Red,Spain,2018,12.99,12.99,4.1,101,13.5,75.0,4.0,1.113609151073028
499,Billy Bosch Western Cape Reserve Shiraz 2021,Red,South Africa,2021,10.99,10.99,4.3,2402,14.5,75.0,1.0,1.0409976924234905
500,Billy Bosch Reserve Sauvignon Blanc 2021,White,South Africa,2021,10.99,10.99,4.2,1729,13.0,75.0,1.0,1.0409976924234905
501,Tenuta Olim Bauda Barbera d'Asti Superiore DOC Nizza 2016,Red,Italy,2016,32.99,32.99,4.5,56,15.0,75.0,6.0,1.518382315545344
502,Tenuta Olim Bauda Gavi di Gavi 2020,White,Italy,2020,17.99,17.99,4.3,133,13.5,75.0,2.0,1.2550311633455513
503,Albacore Longfin Shiraz 2019,Red,Australia,2019,19.99,19.99,4.5,2258,14.5,75.0,3.0,1.300812794118117
504,Legado del Fraile Albarino 2020,White,Spain,2020,15.99,15.99,4.2,131,13.0,75.0,2.0,1.2038484637462348
505,Chateau Lauzanet Bordeaux Rouge 2019,Red,France,2019,13.99,13.99,4.1,170,14.5,75.0,3.0,1.1458177144918276
506,Bodegas Amaren Angeles de Amaren Rioja 2015,Red,Spain,2015,23.99,23.99,4.4,53,14.5,75.0,7.0,1.3800302479678306
507,Bodegas Amaren Rioja Blanco 2018,White,Spain,2018,18.99,18.99,4.0,15,14.5,75.0,4.0,1.2785249647370176
508,Cascina Adelaide Barolo DOCG Baudana 2017,Red,Italy,2017,54.99,54.99,4.5,6,14.5,75.0,5.0,1.7402837196818792
509,Nu Allonge Cava Brut NV,Sparkling,Spain,Non Vintage,12.99,12.99,4.2,188,11.5,75.0,,1.113609151073028
510,Billy Bosch Bush Vine Chenin Blanc 2021,White,South Africa,2021,9.99,9.99,4.2,940,12.5,75.0,1.0,0.9995654882259823
511,Domaine Billaud-Simon Chablis 2019,White,France,2019,26.99,26.99,4.2,25,13.0,75.0,3.0,1.4312028845565166
512,Walnut Block Marlborough Pinot Noir 2019,Red,New Zealand,2019,22.0,22.0,4.3,40,13.5,75.0,3.0,1.3424226808222062
513,Walnut Block Marlborough Sauvignon Blanc 2020,White,New Zealand,2020,14.99,14.99,4.3,263,13.0,75.0,2.0,1.1758016328482794
514,Kurt Angerer Donatus Riesling 2017,White,Austria,2017,19.99,19.99,3.8,10,13.5,75.0,5.0,1.300812794118117
515,Heranca Late bottled Vintage Port 2016,Fortified,Portugal,2016,19.99,19.99,4.4,140,20.0,75.0,6.0,1.300812794118117
516,Cascina Adelaide Langhe DOC Nebbiolo 2019,Red,Italy,2019,19.99,19.99,3.8,31,13.0,75.0,3.0,1.300812794118117
517,Vigne Sannite Falanghina 2020,White,Italy,2020,11.99,11.99,4.0,167,12.5,75.0,2.0,1.0788191830988487
518,Capcanes Kosher Peraj Petita 2021,Red,Spain,2021,16.99,16.99,4.2,29,14.5,75.0,1.0,1.2301933788690456
519,Chateau Connetable Talbot Saint-Julien 2017,Red,France,2017,35.0,35.0,4.5,16,13.5,75.0,5.0,1.5440680443502757
520,Chateau Dame de Montrose Saint-Estephe 2017,Red,France,2017,50.0,50.0,0.0,4,13.5,75.0,5.0,1.6989700043360187
521,Domaine Auvigue Pouilly Fuisse Solture 2020,White,France,2020,24.99,24.99,4.2,49,13.5,75.0,2.0,1.39776625612645
522,La Novena Garnacha 2021,Red,Spain,2021,9.99,9.99,4.0,1789,14.5,75.0,1.0,0.9995654882259823
523,Heinrichshof Sonnenuhr Trocken Riesling Mosel 2020,White,Germany,2020,16.99,16.99,4.4,31,12.5,75.0,2.0,1.2301933788690456
524,5OS Project Samurai Pig Shiraz 2019,Red,Australia,2019,19.99,19.99,4.6,370,14.5,75.0,3.0,1.300812794118117
525,Perez Cruz Cot Limited Edition 2019,Red,Chile,2019,16.99,16.99,4.4,260,14.0,75.0,3.0,1.2301933788690456
526,Champagne Veuve Clicquot Brut Rose NV,Sparkling,France,Non Vintage,54.99,54.99,4.8,12,12.0,75.0,,1.7402837196818792
527,Bizios Nemea Agiortiko 2016,Red,Greece,2016,27.99,27.99,4.5,28,14.0,75.0,6.0,1.4470028984661623
528,Domeco de Jarauta Black Label Rioja 2014,Red,Spain,2014,34.99,34.99,4.7,81,14.0,75.0,8.0,1.5439439424829065
529,De Martino Niebla Casablanca Sauvignon Blanc 2020,White,Chile,2020,13.99,13.99,3.9,260,13.0,75.0,2.0,1.1458177144918276
530,Les Trois Cles Reserve 2020,Red,France,2020,11.99,11.99,4.1,846,13.0,75.0,2.0,1.0788191830988487
531,Champagne Louis Roederer Cristal 2014,Sparkling,France,2014,255.0,255.0,4.3,41,12.0,75.0,8.0,2.406540180433955
532,Beneficio Cellar Reserve Shiraz 2021,Red,Australia,2021,12.99,12.99,4.5,3494,14.0,75.0,1.0,1.113609151073028
533,Cascina Adelaide Barolo DOCG Cannubi 2016,Red,Italy,2016,59.99,59.99,4.3,11,14.5,75.0,6.0,1.778078861937455
534,Chateau du Seuil Graves Rouge 2017,Red,France,2017,15.99,15.99,3.9,249,13.0,75.0,5.0,1.2038484637462348
535,Dragon Hills Syrah 2020,Red,Romania,2020,9.99,9.99,3.9,3443,13.5,75.0,2.0,0.9995654882259823
536,Champagne Moet & Chandon Brut Rose NV,Sparkling,France,Non Vintage,49.99,49.99,4.7,34,12.5,75.0,,1.6988831367525903
537,Thomas Losen Edition Riesling On Slate 2020,White,Germany,2020,12.99,12.99,4.2,246,11.0,75.0,2.0,1.113609151073028
538,Fernando de Castilla Antique Pedro Ximenez NV,Sherry,Spain,Non Vintage,34.99,52.485,4.6,20,15.0,50.0,,1.7200352015385876
539,Grand Livre Reserve 2020,Red,France,2020,12.99,12.99,3.9,515,14.0,75.0,2.0,1.113609151073028
540,Kuehn Cremant d'Alsace Brut Cuvee Prestige NV,Sparkling,France,Non Vintage,13.99,13.99,4.4,242,11.5,75.0,,1.1458177144918276
541,Les Arbousiers Coteaux du Languedoc 2020,Red,France,2020,11.99,11.99,4.0,1145,13.5,75.0,2.0,1.0788191830988487
542,Heritage du Seuil 2015,Red,France,2015,32.99,32.99,4.3,21,13.5,75.0,7.0,1.518382315545344
543,Les Arbousiers Reserve Sauvignon Blanc 2021,White,France,2021,10.99,10.99,4.1,2285,12.0,75.0,1.0,1.0409976924234905
544,Elisa Gavi 2020,White,Italy,2020,12.99,12.99,4.1,672,12.5,75.0,2.0,1.113609151073028
545,Woolundry Road Sparkling South Australian Chardonnay Pinot Noir Brut NV,Sparkling,Australia,Non Vintage,14.99,14.99,4.3,380,12.0,75.0,,1.1758016328482794
546,Vina Ecoyen Reserva 2016,Red,Spain,2016,9.99,9.99,3.9,2712,14.5,75.0,6.0,0.9995654882259823
547,Pizo Syrah 2020,Red,Spain,2020,9.99,9.99,4.1,2168,14.0,75.0,2.0,0.9995654882259823
548,Tenuta Olim Bauda Barbera d'Asti DOCG La Villa 2020,Red,Italy,2020,14.99,14.99,4.2,143,14.5,75.0,2.0,1.1758016328482794
549,Soaring Kite Adelaide Hills Shiraz 2016,Red,Australia,2016,13.99,13.99,4.0,180,14.5,75.0,6.0,1.1458177144918276
550,Musella Valpolicella Superiore Ripasso 2017,Red,Italy,2017,21.99,21.99,4.3,141,14.0,75.0,5.0,1.3422252293607904
551,Cave de Turckheim Gewurztraminer Sables et Galets 2019,White,France,2019,15.99,15.99,4.2,168,14.0,75.0,3.0,1.2038484637462348
552,Chateau Moulin du Terrier Bordeaux Rouge 2018,Red,France,2018,12.99,12.99,4.1,276,14.0,75.0,4.0,1.113609151073028
553,Clos des Cordeliers Saumur Champigny Cuvee Tradition 2018,Red,France,2018,13.99,13.99,4.2,55,13.0,75.0,4.0,1.1458177144918276
554,Coyam 2019,Red,Chile,2019,21.99,21.99,4.6,225,14.0,75.0,3.0,1.3422252293607904
555,Cloudy Bay Pelorus NV,Sparkling,New Zealand,Non Vintage,26.99,26.99,4.2,165,12.0,75.0,,1.4312028845565166
556,16 Little Black Pigs Chardonnay 2021,White,Australia,2021,10.99,10.99,4.3,2086,12.5,75.0,1.0,1.0409976924234905
557,5OS Project McLaren Vale Barbera 2018,Red,Australia,2018,16.99,16.99,4.3,115,14.0,75.0,4.0,1.2301933788690456
558,Araldica Moscato d'Asti 2020,Sparkling,Italy,2020,9.99,9.99,4.2,281,5.0,75.0,2.0,0.9995654882259823
559,Bastions V Bush Vine Chenin Blanc 2021,White,South Africa,2021,10.99,10.99,4.0,1325,12.5,75.0,1.0,1.0409976924234905
560,Ca' Vegar Custoza DOC 2020,White,Italy,2020,12.99,12.99,4.0,1042,12.5,75.0,2.0,1.113609151073028
561,Blackfoot Daisy Merlot 2020,Red,Australia,2020,10.99,10.99,4.1,2338,14.0,75.0,2.0,1.0409976924234905
562,Le Sanglier Sauvage 2018,Red,France,2018,12.99,12.99,4.1,701,13.5,75.0,4.0,1.113609151073028
563,La Dama Amarone della Valpolicella Classico 2017,Red,Italy,2017,33.99,33.99,4.3,71,16.5,75.0,5.0,1.5313511645830598
564,Finca Manzanos Voche Reserva 2015,White,Spain,2015,18.99,18.99,3.9,107,13.0,75.0,7.0,1.2785249647370176
565,Hummingbird Sauvignon Blanc 2021,White,Australia,2021,10.99,10.99,4.2,1940,12.0,75.0,1.0,1.0409976924234905
566,Solpiantez Spumante Brut Millesimato 2020,Sparkling,Italy,2020,10.99,10.99,4.3,1987,11.5,75.0,2.0,1.0409976924234905
567,Silenus Reserve Coonawarra Cabernet Sauvignon 2017,Red,Australia,2017,10.99,10.99,4.2,1840,14.0,75.0,5.0,1.0409976924234905
568,Pizo Reserva 2017,Red,Spain,2017,12.99,12.99,4.1,1196,13.5,75.0,5.0,1.113609151073028
569,Pouilly Fume Les Loges Pierre Marchand 2020,White,France,2020,16.99,16.99,4.5,340,14.0,75.0,2.0,1.2301933788690456
570,Schola Sarmenti Masserei Rose Nardo DOC 2020,Rose,Italy,2020,11.99,11.99,4.0,54,13.0,75.0,2.0,1.0788191830988487
571,Mezzo SV Shiraz Mataro 2015,Red,Australia,2015,11.99,11.99,3.8,53,14.5,75.0,7.0,1.0788191830988487
572,Domaine Chante Cigale Chateauneuf-du-Pape Blanc 2020,White,France,2020,24.99,24.99,4.4,104,14.0,75.0,2.0,1.39776625612645
573,Vat 71 Reserve Shiraz 2020,Red,Australia,2020,12.99,12.99,4.5,3137,14.0,75.0,2.0,1.113609151073028
574,Conte di Campiano Sangiovese Rubicone IGT 2019,Red,Italy,2019,11.99,11.99,4.2,1241,13.5,75.0,3.0,1.0788191830988487
575,Bodegas Hidalgo La Gitana Manzanilla NV,Sherry,Spain,Non Vintage,11.49,11.49,4.0,64,15.0,75.0,,1.0603200286882852
576,Domaine Michel Girard Sancerre Silex 2020,White,France,2020,21.99,21.99,4.4,136,13.5,75.0,2.0,1.3422252293607904
577,The Black Pig Cabernet Sauvignon 2019,Red,Australia,2019,11.99,11.99,4.5,2076,14.0,75.0,3.0,1.0788191830988487
578,Solpiantez Spumante Brut Rose Millesimato 2020,Sparkling,Italy,2020,10.99,10.99,4.2,484,11.5,75.0,2.0,1.0409976924234905
579,Araldica d'Aria Pinot Grigio Rose 2020,Rose,Italy,2020,9.99,9.99,4.0,1049,12.5,75.0,2.0,0.9995654882259823
580,16 Little Black Pigs Shiraz Cabernet 2020,Red,Australia,2020,10.99,10.99,4.5,2985,14.0,75.0,2.0,1.0409976924234905
581,Chateau La Reverance St Emilion Grand Cru 2019,Red,France,2019,27.99,27.99,4.0,21,14.0,75.0,3.0,1.4470028984661623
582,Domaine Michel Girard Sancerre 2020,White,France,2020,19.99,19.99,4.5,543,13.5,75.0,2.0,1.300812794118117
583,Chateau Grand Tayac Margaux 2016,Red,France,2016,32.99,32.99,4.1,27,13.0,75.0,6.0,1.518382315545344
584,Chateau Ka Bekaa Valley Source Blanche 2019,White,Lebanon,2019,13.99,13.99,4.1,106,13.0,75.0,3.0,1.1458177144918276
585,Lof Syrah 2018,Red,Chile,2018,17.99,17.99,3.8,12,13.0,75.0,4.0,1.2550311633455513
586,Chateauneuf-du-Pape Cuvee Speciale 2019,Red,France,2019,21.99,21.99,4.5,672,14.5,75.0,3.0,1.3422252293607904
587,Baron de Boutisse St Emilion Grand Cru 2016,Red,France,2016,19.99,19.99,4.3,58,14.0,75.0,6.0,1.300812794118117
588,Baciato Primitivo 2020,Red,Italy,2020,10.99,10.99,4.1,994,13.0,75.0,2.0,1.0409976924234905
589,Cascina Adelaide Dolcetto di Diano d'Alba DOC Vigna Costa Fiore 2016,Red,Italy,2016,17.99,17.99,4.2,18,14.5,75.0,6.0,1.2550311633455513
590,Champagne Laurent Perrier Magnum NV,Sparkling,France,Non Vintage,87.99,43.995,4.8,17,12.0,150.0,,1.6434033220362334
591,The Sail Shiraz 2020,Red,Australia,2020,10.99,10.99,4.2,2038,14.0,75.0,2.0,1.0409976924234905
592,Taylors Chip Dry White Port NV,Fortified,Portugal,Non Vintage,16.99,16.99,4.1,47,20.0,75.0,,1.2301933788690456
593,Schola Sarmenti Nerio Reserve Nardo DOC 2017,Red,Italy,2017,14.99,14.99,4.6,306,14.0,75.0,5.0,1.1758016328482794
594,Chateau Arnaud de Jacquemeau St Emilion Grand Cru 2018,Red,France,2018,21.99,21.99,4.4,50,15.0,75.0,4.0,1.3422252293607904
595,Domaine de la Semellerie Chinon Rose 2020,Rose,France,2020,11.99,11.99,4.0,66,12.5,75.0,2.0,1.0788191830988487
596,La Dama Valpolicella Classico 2020,Red,Italy,2020,13.99,13.99,3.7,93,12.0,75.0,2.0,1.1458177144918276
597,Big Top White Zinfandel Rose 2020,Rose,USA,2020,10.99,10.99,4.1,820,10.0,75.0,2.0,1.0409976924234905
598,Champagne Bollinger La Grande Annee 2014,Sparkling,France,2014,125.0,125.0,5.0,7,12.0,75.0,8.0,2.0969100130080562
599,Pizo Garnacha 2020,Red,Spain,2020,9.99,9.99,4.1,3447,14.5,75.0,2.0,0.9995654882259823
600,Musella Amarone Riserva 2015,Red,Italy,2015,49.99,49.99,4.6,140,16.0,75.0,7.0,1.6988831367525903
601,Chateau Belair St Georges St Emilion 2015,Red,France,2015,16.99,16.99,4.3,139,13.0,75.0,7.0,1.2301933788690456
602,La Dama Valpolicella Ripasso 2018,Red,Italy,2018,16.99,16.99,4.0,98,14.5,75.0,4.0,1.2301933788690456
603,Domaine Fichet Macon-Villages 2020,White,France,2020,16.99,16.99,4.3,119,13.0,75.0,2.0,1.2301933788690456
604,Chateau de Puligny Montrachet Domaine de Montille 2019,White,France,2019,64.99,64.99,4.5,14,13.0,75.0,3.0,1.8128465369670712
605,Belmonte Marlborough Sauvignon Blanc 2020,White,New Zealand,2020,14.99,14.99,4.0,1643,13.0,75.0,2.0,1.1758016328482794
606,Castelfeder Lagrein Klassische Linie DOC 2019,Red,Italy,2019,15.99,15.99,4.1,45,13.0,75.0,3.0,1.2038484637462348
607,Bressia Profundo 2016,Red,Argentina,2016,25.99,25.99,4.5,100,14.5,75.0,6.0,1.4148062795010126
608,Croft Quinta da Roeda Vintage Port 2004,Fortified,Portugal,2004,21.99,21.99,4.1,33,20.5,75.0,18.0,1.3422252293607904
609,Atalaya do Mar Godello 2020,White,Spain,2020,14.99,14.99,4.0,299,13.0,75.0,2.0,1.1758016328482794
610,Vina Cobos Bramare Valle de Uco Malbec 2018,Red,Argentina,2018,31.99,31.99,4.6,50,14.5,75.0,4.0,1.5050142400841071
611,The Sail Chardonnay 2020,White,Australia,2020,11.99,11.99,4.0,1429,13.0,75.0,2.0,1.0788191830988487
612,Keith Tulloch Hunter Valley Semillon 2018,White,Australia,2018,15.99,15.99,4.2,20,11.0,75.0,4.0,1.2038484637462348
613,Domaine Henri Pelle Menetou-Salon Morogues 2018,White,France,2018,19.99,19.99,4.4,47,13.5,75.0,4.0,1.300812794118117
614,Il Cascinone Rive Barbera 2017,Red,Italy,2017,15.99,15.99,4.5,197,15.0,75.0,5.0,1.2038484637462348
615,Cloudy Bay Chardonnay 2019,White,New Zealand,2019,29.99,29.99,4.5,100,13.5,75.0,3.0,1.476976465759527
616,Perles du Seuil Blanc NV,Sparkling,France,Non Vintage,16.99,16.99,4.1,36,12.0,75.0,,1.2301933788690456
617,Capcanes La Nit de les Garnatxes Sand 2017,Red,Spain,2017,16.99,16.99,4.3,28,14.5,75.0,5.0,1.2301933788690456
618,Fonseca Bin 27 Fine Reserve NV,Fortified,Portugal,Non Vintage,13.99,13.99,4.5,184,20.0,75.0,,1.1458177144918276
619,Loom SV McLaren Vale Shiraz 2015,Red,Australia,2015,18.99,18.99,4.4,43,14.0,75.0,7.0,1.2785249647370176
620,Bodegas Hidalgo La Gitana Palo Cortado Wellington VOS NV,Sherry,Spain,Non Vintage,28.99,43.485,4.7,7,17.5,50.0,,1.6383394744106787
621,Hummingbird Semillon 2021,White,Australia,2021,9.99,9.99,4.1,992,12.0,75.0,1.0,0.9995654882259823
622,Domaine Andre Brunel Vin de Pays de Vaucluse 2020,Red,France,2020,11.99,11.99,4.1,2365,14.0,75.0,2.0,1.0788191830988487
623,Domaine Michel Girard Sancerre Rose 2020,Rose,France,2020,19.99,19.99,4.4,300,13.5,75.0,2.0,1.300812794118117
624,Champagne Laurent Perrier Grande Siecle NV,Sparkling,France,Non Vintage,165.0,165.0,4.9,8,12.0,75.0,,2.2174839442139063
625,Fernando de Castilla Classic Fino NV,Sherry,Spain,Non Vintage,13.99,13.99,3.8,18,15.0,75.0,,1.1458177144918276
626,Tenuta Olim Bauda Moscato d'Asti Centive 2021,Sparkling,Italy,2021,10.99,10.99,4.0,101,5.0,75.0,1.0,1.0409976924234905
627,Paul Hobbs Russian River Chardonnay 2018,White,USA,2018,49.99,49.99,4.5,6,14.5,75.0,4.0,1.6988831367525903
628,Fernando de Castilla Classic Cream NV,Sherry,Spain,Non Vintage,15.99,15.99,4.6,52,17.5,75.0,,1.2038484637462348
629,Silenus Limited Release Coonawarra Cabernet Sauvignon 2019,Red,Australia,2019,19.99,19.99,4.3,3007,14.0,75.0,3.0,1.300812794118117
630,Cave de Turckheim Gewurztraminer Grand Cru Brand 2015,White,France,2015,22.99,22.99,4.3,106,12.5,75.0,7.0,1.361538971269279
631,Clos du Gaimont Vouvray La Monaco Demi Sec 2020,White,France,2020,14.99,14.99,4.2,160,14.0,75.0,2.0,1.1758016328482794
632,Cave de Turckheim Pinot Blanc Reserve 2019,White,France,2019,12.99,12.99,4.2,186,13.0,75.0,3.0,1.113609151073028
633,Luigi Bosca Finca Los Nobles Malbec Verdot 2020,Red,Argentina,2020,42.0,42.0,4.7,39,14.5,75.0,2.0,1.6232492903979006
634,Finca Manzanos Rioja Gran Reserva Alta Expression 2013,Red,Spain,2013,19.99,19.99,4.4,163,13.5,75.0,9.0,1.300812794118117
635,Pazo Senorans Albarino 2020,White,Spain,2020,19.99,19.99,4.0,179,13.5,75.0,2.0,1.300812794118117
636,Fonseca 10 Year Old Tawny NV,Fortified,Portugal,Non Vintage,17.99,26.984999999999996,4.3,53,20.0,50.0,,1.4311224224012324
637,Fernando de Castilla Antique Amontillado NV,Sherry,Spain,Non Vintage,33.99,50.985,4.5,16,19.0,50.0,,1.7074424236387409
638,Croft Pink NV,Fortified,Portugal,Non Vintage,11.99,17.985,4.2,163,19.5,50.0,,1.2549104421545298
639,Fonseca Quinta do Panascal 2004,Fortified,Portugal,2004,25.99,25.99,4.3,47,20.5,75.0,18.0,1.4148062795010126
640,Champagne Laurent Perrier Demi Sec NV,Sparkling,France,Non Vintage,42.99,42.99,5.0,11,12.0,75.0,,1.633367445117007
641,McGuigan Black Label Red 2020,Red,Australia,2020,7.99,7.99,4.2,1829,13.0,75.0,2.0,0.9025467793139914
642,Champagne Veuve Clicquot Yellow Label Brut NV,Sparkling,France,Non Vintage,49.99,49.99,4.8,150,12.0,75.0,,1.6988831367525903
643,Finca Manzanos Rioja Reserva Especial 2016,Red,Spain,2016,16.99,16.99,4.2,194,14.0,75.0,6.0,1.2301933788690456
644,Plantagenet Mt Barker Shiraz 2016,Red,Australia,2016,29.99,29.99,4.4,45,14.5,75.0,6.0,1.476976465759527
645,Fernando de Castilla Classic Amontillado NV,Sherry,Spain,Non Vintage,15.99,15.99,3.6,26,17.5,75.0,,1.2038484637462348
646,Cloudy Bay Sauvignon Blanc 2021,White,New Zealand,2021,25.99,25.99,4.7,575,13.5,75.0,1.0,1.4148062795010126
647,Chateau du Seuil Bordeaux Rose 2021,Rose,France,2021,11.99,11.99,4.1,199,12.5,75.0,1.0,1.0788191830988487
648,Chateau Musar Jeune Red 2019,Red,Lebanon,2019,13.99,13.99,4.0,234,13.5,75.0,3.0,1.1458177144918276
649,Schola Sarmenti Nauna IGT Salento 2018,Red,Italy,2018,22.99,22.99,4.8,96,16.0,75.0,4.0,1.361538971269279
650,Vat 27 Reserve Cabernet Sauvignon Merlot 2020,Red,Australia,2020,12.99,12.99,4.4,3343,13.5,75.0,2.0,1.113609151073028
651,Champagne Bollinger Rose NV,Sparkling,France,Non Vintage,56.5,56.5,4.8,12,12.0,75.0,,1.7520484478194385
652,Finca Manzanos Seleccion de la Familia Rioja Crianza 2018,Red,Spain,2018,13.99,13.99,4.1,211,13.5,75.0,4.0,1.1458177144918276
653,Cuvee des Galets d’Estezargues 2019,Red,France,2019,10.99,10.99,4.0,126,15.0,75.0,3.0,1.0409976924234905
654,Domaine Baumard Carte Turquoise Cremant de Loire NV,Sparkling,France,Non Vintage,16.99,16.99,4.2,103,12.5,75.0,,1.2301933788690456
655,Louis Moreau Chablis 1er Cru Vaulignot 2019,White,France,2019,24.99,24.99,4.4,174,12.5,75.0,3.0,1.39776625612645
656,Perdeberg Winery Vineyard Collection Cinsault 2015,Red,South Africa,2015,9.99,9.99,3.6,92,14.0,75.0,7.0,0.9995654882259823
657,Baciato Negroamaro Primitivo 2021,Red,Italy,2021,10.99,10.99,4.1,1104,13.0,75.0,1.0,1.0409976924234905
658,Loom Single Vineyard Field Blend 2018,Red,Australia,2018,18.49,18.49,4.6,28,14.0,75.0,4.0,1.266936911159173
659,El Zumbido Garnacha Rosado 2021,Rose,Spain,2021,9.99,9.99,3.9,764,13.5,75.0,1.0,0.9995654882259823
660,El Zumbido Garnacha Syrah 2020,Red,Spain,2020,9.99,9.99,4.0,1708,14.5,75.0,2.0,0.9995654882259823
661,Il Colmo Prosecco Brut NV,Sparkling,Italy,Non Vintage,14.99,14.99,4.4,2042,11.5,75.0,,1.1758016328482794
662,Chateau Dereszla Tokaji Dry 2020,White,Hungary,2020,13.99,13.99,4.2,49,11.5,75.0,2.0,1.1458177144918276
663,Patto Catarratto 2019,White,Italy,2019,9.99,9.99,3.8,464,12.0,75.0,3.0,0.9995654882259823
664,Strout Road Vintners White Blend 2021,White,Australia,2021,10.99,10.99,4.0,1136,12.5,75.0,1.0,1.0409976924234905
665,Targa Rioja Garnacha 2020,Red,Spain,2020,14.99,14.99,4.1,326,14.0,75.0,2.0,1.1758016328482794
666,Targa Rioja Graciano 2021,Red,Spain,2021,14.99,14.99,4.2,340,13.5,75.0,1.0,1.1758016328482794
667,Targa Rioja Tempranillo 2020,Red,Spain,2020,14.99,14.99,4.2,366,13.5,75.0,2.0,1.1758016328482794
668,Champagne Gremillet Brut Blanc de Blancs NV,Sparkling,France,Non Vintage,33.99,33.99,4.4,23,12.0,75.0,,1.5313511645830598
669,The Bolney Estate Bolney Bubbly Brut NV,Sparkling,United Kingdom,Non Vintage,25.99,25.99,4.5,87,12.5,75.0,,1.4148062795010126
670,Domaine Baumard Cremant de Loire Carte Corail Rose NV,Sparkling,France,Non Vintage,17.99,17.99,4.0,58,12.5,75.0,,1.2550311633455513
671,Anello Piemonte DOC Barbera 2019,Red,Italy,2019,9.99,9.99,3.9,1294,13.5,75.0,3.0,0.9995654882259823
672,Domaine Denis Jamain Les Fossiles Reuilly Sauvignon Blanc 2019,White,France,2019,16.99,16.99,4.2,31,13.0,75.0,3.0,1.2301933788690456
673,Chateau de Gayon Madiran dou Barrinquet 2009,Red,France,2009,31.99,31.99,4.5,11,14.5,75.0,13.0,1.5050142400841071
674,Lenne Pinot Noir 2020,Red,Germany,2020,12.99,12.99,4.0,173,13.0,75.0,2.0,1.113609151073028
675,Jean Stodden J Spatburgunder 2018,Red,Germany,2018,22.99,22.99,4.2,38,12.5,75.0,4.0,1.361538971269279
676,Riecine La Gioia 2017,Red,Italy,2017,49.0,49.0,0.0,3,14.0,75.0,5.0,1.6901960800285136
677,Champagne Vilmart Grande Reserve Brut Premier Cru NV,Sparkling,France,Non Vintage,36.99,36.99,4.5,64,12.5,75.0,,1.568084331315394
678,The Black Pig The Prize McLaren Vale Shiraz Magnum 2019,Red,Australia,2019,44.99,22.495,4.7,1250,14.5,150.0,3.0,1.3520859975015858
679,T918 Single Site Sauvignon Blanc 2021,White,South Africa,2021,10.99,10.99,4.1,1334,13.5,75.0,1.0,1.0409976924234905
680,Urla Nero d'Avola Urla Karasi 2018,Red,Turkey,2018,29.99,29.99,4.2,24,14.5,75.0,4.0,1.476976465759527
681,Lergenmuller Saigner Rose Trocken 2020,Rose,Germany,2020,13.99,13.99,4.3,124,12.5,75.0,2.0,1.1458177144918276
682,Ardido Vinho Verde DOC 2020,White,Portugal,2020,11.99,11.99,4.0,414,12.0,75.0,2.0,1.0788191830988487
683,Tall Gum Shiraz Cabernet 2021,Red,Australia,2021,11.99,11.99,4.2,1393,14.0,75.0,1.0,1.0788191830988487
684,Billy Bosch Pinotage Shiraz 2021,Red,South Africa,2021,10.99,10.99,4.2,762,12.5,75.0,1.0,1.0409976924234905
685,L'Ornato Bianco 2020,White,Italy,2020,16.99,16.99,4.4,137,13.0,75.0,2.0,1.2301933788690456
